Region,All_Apartments_Total_Listed,All_Apartments_Total_Leased,Bachelor_Bachelor_Leased,Bachelor_Avg_Lease_Rate,One_Bedroom_Bachelor_Leased,One_Bedroom_Avg_Lease_Rate,Two_Bedroom_Bachelor_Leased,Two_Bedroom_Avg_Lease_Rate,Three_Bedroom_Bachelor_Leased,Three_Bedroom_Avg_Lease_Rate,Year,Quarter
W01,66.0,32.0,,,24.0,1539.0,8.0,2031.0,,,2012,1
W02,13.0,9.0,,,3.0,1633.0,6.0,1679.0,,,2012,1
W03,3.0,3.0,,,2.0,1050.0,1.0,1650.0,,,2012,1
W04,10.0,2.0,,,1.0,1150.0,1.0,1350.0,,,2012,1
W05,43.0,17.0,,,12.0,1354.0,5.0,1578.0,,,2012,1
W06,351.0,159.0,2.0,1263.0,79.0,1486.0,76.0,2021.0,2.0,4300.0,2012,1
W07,6.0,5.0,,,5.0,1770.0,,,,,2012,1
W08,111.0,49.0,,,24.0,1381.0,25.0,1872.0,,,2012,1
W09,28.0,10.0,,,,,7.0,1557.0,3.0,1600.0,2012,1
W10,52.0,18.0,,,7.0,1143.0,8.0,1399.0,3.0,1617.0,2012,1
C01,2038.0,1194.0,59.0,1332.0,759.0,1666.0,370.0,2510.0,6.0,3194.0,2012,1
C02,179.0,92.0,4.0,1463.0,45.0,2029.0,42.0,4104.0,1.0,4000.0,2012,1
C03,12.0,6.0,,,2.0,1900.0,3.0,3933.0,1.0,1875.0,2012,1
C04,24.0,13.0,,,5.0,1610.0,7.0,2329.0,1.0,1750.0,2012,1
C06,37.0,16.0,,,8.0,1301.0,7.0,1686.0,1.0,1800.0,2012,1
C07,210.0,109.0,,,49.0,1470.0,52.0,1849.0,8.0,2113.0,2012,1
C08,426.0,257.0,11.0,1295.0,153.0,1657.0,93.0,2349.0,,,2012,1
C09,38.0,24.0,,,15.0,1951.0,9.0,3261.0,,,2012,1
C10,100.0,52.0,1.0,1200.0,30.0,1669.0,21.0,2535.0,,,2012,1
C11,13.0,4.0,,,2.0,1233.0,2.0,1730.0,,,2012,1
C12,27.0,16.0,,,9.0,1746.0,7.0,3341.0,,,2012,1
C13,95.0,42.0,,,10.0,1353.0,29.0,1741.0,3.0,1817.0,2012,1
C14,642.0,362.0,11.0,1205.0,183.0,1451.0,164.0,1942.0,4.0,2263.0,2012,1
C15,616.0,343.0,4.0,1330.0,251.0,1375.0,87.0,1862.0,1.0,2800.0,2012,1
E01,21.0,17.0,,,15.0,1571.0,2.0,2125.0,,,2012,1
E02,13.0,6.0,,,2.0,1925.0,4.0,1889.0,,,2012,1
E03,4.0,2.0,,,2.0,1423.0,,,,,2012,1
E04,27.0,12.0,,,3.0,1217.0,9.0,1344.0,,,2012,1
E05,60.0,30.0,,,4.0,1356.0,22.0,1591.0,4.0,1800.0,2012,1
E06,,,,,,,,,,,2012,1
E07,88.0,35.0,,,9.0,1254.0,24.0,1410.0,2.0,1350.0,2012,1
E08,5.0,4.0,,,,,4.0,1219.0,,,2012,1
E09,162.0,93.0,,,51.0,1272.0,35.0,1520.0,7.0,1868.0,2012,1
E10,11.0,4.0,,,1.0,1050.0,2.0,1100.0,1.0,1295.0,2012,1
E11,29.0,13.0,,,7.0,1154.0,6.0,1338.0,,,2012,1
W01,96.0,47.0,,,27.0,1500.0,20.0,2278.0,,,2012,2
W02,8.0,7.0,,,4.0,1536.0,3.0,1957.0,,,2012,2
W03,21.0,3.0,,,2.0,1200.0,,,1.0,1750.0,2012,2
W04,15.0,7.0,,,2.0,1150.0,5.0,1341.0,,,2012,2
W05,121.0,59.0,,,47.0,1382.0,11.0,1723.0,1.0,1425.0,2012,2
W06,402.0,195.0,4.0,1200.0,88.0,1529.0,99.0,2091.0,4.0,3575.0,2012,2
W07,10.0,4.0,,,1.0,1550.0,2.0,2325.0,1.0,2100.0,2012,2
W08,172.0,79.0,,,36.0,1422.0,40.0,1815.0,3.0,1792.0,2012,2
W09,34.0,13.0,,,,,12.0,1527.0,1.0,1400.0,2012,2
W10,68.0,29.0,,,9.0,1167.0,17.0,1426.0,3.0,1400.0,2012,2
C01,2160.0,1350.0,78.0,1350.0,795.0,1739.0,453.0,2603.0,24.0,4321.0,2012,2
C02,214.0,105.0,6.0,1418.0,50.0,1939.0,45.0,3918.0,4.0,5975.0,2012,2
C03,15.0,5.0,,,2.0,1625.0,3.0,2397.0,,,2012,2
C04,41.0,15.0,1.0,1050.0,4.0,1838.0,7.0,2486.0,3.0,1757.0,2012,2
C06,38.0,16.0,,,11.0,1378.0,5.0,1560.0,,,2012,2
C07,314.0,166.0,,,82.0,1432.0,69.0,1869.0,15.0,2056.0,2012,2
C08,547.0,363.0,24.0,1304.0,233.0,1654.0,106.0,2279.0,,,2012,2
C09,60.0,32.0,,,15.0,1780.0,16.0,2475.0,1.0,2300.0,2012,2
C10,137.0,86.0,1.0,950.0,50.0,1736.0,35.0,2646.0,,,2012,2
C11,18.0,10.0,,,4.0,1293.0,5.0,1570.0,1.0,1300.0,2012,2
C12,29.0,16.0,,,7.0,1814.0,9.0,2929.0,,,2012,2
C13,140.0,55.0,,,15.0,1298.0,39.0,1711.0,1.0,1625.0,2012,2
C14,940.0,469.0,6.0,1205.0,249.0,1469.0,202.0,1930.0,12.0,2789.0,2012,2
C15,562.0,344.0,15.0,1103.0,212.0,1415.0,113.0,1927.0,4.0,1994.0,2012,2
E01,6.0,4.0,,,3.0,1577.0,1.0,1725.0,,,2012,2
E02,10.0,5.0,,,,,5.0,2370.0,,,2012,2
E03,26.0,13.0,3.0,900.0,3.0,1417.0,7.0,2321.0,,,2012,2
E04,34.0,17.0,,,7.0,1196.0,8.0,1391.0,2.0,1275.0,2012,2
E05,58.0,29.0,,,10.0,1406.0,16.0,1626.0,3.0,1983.0,2012,2
E06,2.0,,,,,,,,,,2012,2
E07,78.0,43.0,,,13.0,1259.0,28.0,1438.0,2.0,1750.0,2012,2
E08,15.0,3.0,,,1.0,1600.0,2.0,1400.0,,,2012,2
E09,247.0,120.0,1.0,990.0,66.0,1286.0,50.0,1575.0,3.0,1800.0,2012,2
E10,5.0,1.0,,,,,1.0,1450.0,,,2012,2
E11,31.0,22.0,,,10.0,1126.0,11.0,1327.0,1.0,1550.0,2012,2
W01,94.0,56.0,,,32.0,1536.0,22.0,2104.0,2.0,2275.0,2012,3
W02,10.0,10.0,,,7.0,1599.0,3.0,2633.0,,,2012,3
W03,12.0,3.0,,,1.0,1100.0,1.0,1650.0,1.0,1850.0,2012,3
W04,17.0,9.0,,,7.0,1271.0,2.0,1350.0,,,2012,3
W05,102.0,62.0,1.0,950.0,47.0,1430.0,11.0,1700.0,3.0,1700.0,2012,3
W06,425.0,212.0,1.0,1275.0,117.0,1568.0,90.0,2196.0,4.0,4500.0,2012,3
W07,15.0,5.0,,,3.0,1533.0,2.0,1825.0,,,2012,3
W08,208.0,107.0,,,54.0,1457.0,52.0,1802.0,1.0,1650.0,2012,3
W09,18.0,7.0,,,2.0,1598.0,4.0,1975.0,1.0,1300.0,2012,3
W10,57.0,24.0,,,6.0,1208.0,18.0,1431.0,,,2012,3
C01,2255.0,1408.0,50.0,1410.0,859.0,1802.0,476.0,2667.0,23.0,3891.0,2012,3
C02,234.0,107.0,5.0,1254.0,57.0,2100.0,41.0,4019.0,4.0,6898.0,2012,3
C03,12.0,11.0,,,5.0,1571.0,6.0,2850.0,,,2012,3
C04,39.0,14.0,,,7.0,1507.0,7.0,1803.0,,,2012,3
C06,61.0,30.0,,,16.0,1364.0,12.0,1630.0,2.0,1800.0,2012,3
C07,333.0,208.0,,,98.0,1465.0,97.0,1907.0,13.0,2346.0,2012,3
C08,528.0,336.0,32.0,1379.0,190.0,1743.0,111.0,2431.0,3.0,3083.0,2012,3
C09,53.0,31.0,,,16.0,1802.0,15.0,2564.0,,,2012,3
C10,88.0,69.0,1.0,1250.0,36.0,1745.0,31.0,2541.0,1.0,5650.0,2012,3
C11,21.0,7.0,,,3.0,1158.0,3.0,1717.0,1.0,1650.0,2012,3
C12,35.0,13.0,,,7.0,1813.0,5.0,2812.0,1.0,4500.0,2012,3
C13,122.0,74.0,,,32.0,1328.0,39.0,1705.0,3.0,2017.0,2012,3
C14,953.0,655.0,8.0,1275.0,316.0,1511.0,313.0,1982.0,18.0,2608.0,2012,3
C15,411.0,249.0,8.0,1266.0,165.0,1531.0,75.0,2125.0,1.0,2550.0,2012,3
E01,40.0,20.0,,,18.0,1732.0,2.0,2528.0,,,2012,3
E02,16.0,6.0,1.0,1000.0,3.0,1683.0,2.0,1675.0,,,2012,3
E03,18.0,11.0,,,5.0,1240.0,6.0,1663.0,,,2012,3
E04,36.0,15.0,,,5.0,1215.0,9.0,1488.0,1.0,1450.0,2012,3
E05,76.0,26.0,,,10.0,1330.0,12.0,1688.0,4.0,1994.0,2012,3
E06,1.0,1.0,,,1.0,1200.0,,,,,2012,3
E07,130.0,58.0,,,30.0,1286.0,26.0,1481.0,2.0,1500.0,2012,3
E08,22.0,10.0,,,3.0,1107.0,7.0,1379.0,,,2012,3
E09,259.0,175.0,1.0,950.0,91.0,1292.0,79.0,1621.0,4.0,1970.0,2012,3
E10,7.0,2.0,,,1.0,1050.0,,,1.0,1250.0,2012,3
E11,36.0,18.0,,,7.0,1146.0,10.0,1453.0,1.0,1625.0,2012,3
W01,64.0,25.0,,,15.0,1510.0,9.0,2372.0,1.0,1685.0,2012,4
W02,11.0,3.0,,,1.0,1575.0,1.0,1950.0,1.0,2100.0,2012,4
W03,5.0,3.0,,,1.0,1350.0,1.0,1500.0,1.0,1600.0,2012,4
W04,10.0,7.0,,,5.0,1166.0,2.0,1550.0,,,2012,4
W05,57.0,33.0,2.0,875.0,18.0,1460.0,12.0,1744.0,1.0,1450.0,2012,4
W06,427.0,147.0,1.0,1250.0,76.0,1499.0,69.0,2086.0,1.0,4200.0,2012,4
W07,5.0,2.0,,,1.0,1200.0,1.0,2400.0,,,2012,4
W08,201.0,96.0,,,61.0,1424.0,34.0,1817.0,1.0,2190.0,2012,4
W09,18.0,5.0,,,2.0,1150.0,3.0,1500.0,,,2012,4
W10,44.0,21.0,,,9.0,1217.0,12.0,1458.0,,,2012,4
C01,1917.0,1012.0,37.0,1426.0,647.0,1844.0,319.0,2650.0,9.0,3717.0,2012,4
C02,226.0,82.0,4.0,1406.0,46.0,2115.0,29.0,3397.0,3.0,4400.0,2012,4
C03,14.0,9.0,,,4.0,2156.0,5.0,2570.0,,,2012,4
C04,31.0,14.0,1.0,1050.0,3.0,1642.0,8.0,2863.0,2.0,2055.0,2012,4
C06,47.0,18.0,,,9.0,1408.0,8.0,1725.0,1.0,2200.0,2012,4
C07,217.0,132.0,,,66.0,1539.0,59.0,1954.0,7.0,2036.0,2012,4
C08,518.0,281.0,20.0,1361.0,171.0,1708.0,88.0,2346.0,2.0,3398.0,2012,4
C09,54.0,20.0,,,8.0,1856.0,10.0,2324.0,2.0,4500.0,2012,4
C10,76.0,48.0,,,33.0,1765.0,15.0,2837.0,,,2012,4
C11,20.0,5.0,,,,,5.0,1760.0,,,2012,4
C12,28.0,12.0,,,6.0,1908.0,6.0,3450.0,,,2012,4
C13,74.0,32.0,,,10.0,1342.0,20.0,1760.0,2.0,1963.0,2012,4
C14,567.0,348.0,7.0,1297.0,172.0,1529.0,160.0,1992.0,9.0,2667.0,2012,4
C15,257.0,158.0,2.0,1220.0,100.0,1550.0,53.0,2025.0,3.0,2217.0,2012,4
E01,65.0,37.0,1.0,1900.0,31.0,1608.0,5.0,2450.0,,,2012,4
E02,9.0,3.0,,,,,3.0,2117.0,,,2012,4
E03,9.0,5.0,,,2.0,1375.0,3.0,1983.0,,,2012,4
E04,20.0,10.0,,,1.0,1000.0,9.0,1334.0,,,2012,4
E05,62.0,33.0,,,9.0,1343.0,21.0,1630.0,3.0,1883.0,2012,4
E06,,,,,,,,,,,2012,4
E07,141.0,80.0,,,32.0,1292.0,40.0,1476.0,8.0,1585.0,2012,4
E08,18.0,7.0,,,3.0,1075.0,3.0,1375.0,1.0,1400.0,2012,4
E09,179.0,109.0,,,60.0,1316.0,43.0,1573.0,6.0,1800.0,2012,4
E10,6.0,,,,,,,,,,2012,4
E11,22.0,13.0,,,4.0,1138.0,5.0,1390.0,4.0,1481.0,2012,4
W01,94.0,39.0,,,20.0,1539.0,17.0,2083.0,2.0,1988.0,2013,1
W02,40.0,17.0,,,7.0,1336.0,9.0,1900.0,1.0,3200.0,2013,1
W03,4.0,,,,,,,,,,2013,1
W04,4.0,2.0,,,1.0,1275.0,,,1.0,1500.0,2013,1
W05,46.0,24.0,1.0,950.0,11.0,1456.0,10.0,1675.0,2.0,1600.0,2013,1
W06,657.0,238.0,,,119.0,1472.0,117.0,2004.0,2.0,3500.0,2013,1
W07,6.0,2.0,,,1.0,1450.0,1.0,2150.0,,,2013,1
W08,195.0,95.0,1.0,1200.0,50.0,1434.0,40.0,1871.0,4.0,2463.0,2013,1
W09,19.0,8.0,,,1.0,1000.0,7.0,1553.0,,,2013,1
W10,48.0,21.0,,,4.0,1143.0,14.0,1475.0,3.0,1517.0,2013,1
C01,2845.0,1350.0,62.0,1338.0,868.0,1758.0,404.0,2578.0,16.0,4719.0,2013,1
C02,273.0,95.0,4.0,1445.0,41.0,2351.0,47.0,4247.0,3.0,5550.0,2013,1
C03,29.0,15.0,,,8.0,1634.0,5.0,2100.0,2.0,2575.0,2013,1
C04,37.0,19.0,,,5.0,1289.0,14.0,2149.0,,,2013,1
C06,67.0,22.0,,,9.0,1356.0,13.0,1699.0,,,2013,1
C07,206.0,120.0,,,64.0,1498.0,47.0,1904.0,9.0,2217.0,2013,1
C08,662.0,360.0,14.0,1355.0,234.0,1674.0,110.0,2302.0,2.0,8300.0,2013,1
C09,58.0,30.0,1.0,1300.0,15.0,1910.0,13.0,2592.0,1.0,3300.0,2013,1
C10,82.0,47.0,1.0,1250.0,22.0,1763.0,24.0,2613.0,,,2013,1
C11,23.0,9.0,,,3.0,1508.0,6.0,1550.0,,,2013,1
C12,30.0,14.0,,,4.0,1825.0,10.0,2808.0,,,2013,1
C13,90.0,47.0,,,18.0,1319.0,27.0,1790.0,2.0,1738.0,2013,1
C14,576.0,332.0,3.0,1327.0,168.0,1520.0,150.0,2001.0,11.0,2673.0,2013,1
C15,270.0,155.0,3.0,1258.0,101.0,1502.0,50.0,2023.0,1.0,3250.0,2013,1
E01,36.0,23.0,,,21.0,1587.0,2.0,2700.0,,,2013,1
E02,15.0,8.0,,,3.0,1533.0,5.0,2520.0,,,2013,1
E03,4.0,3.0,,,,,3.0,2133.0,,,2013,1
E04,26.0,17.0,,,4.0,1187.0,12.0,1362.0,1.0,1200.0,2013,1
E05,56.0,32.0,,,7.0,1300.0,22.0,1678.0,3.0,1850.0,2013,1
E06,,,,,,,,,,,2013,1
E07,139.0,83.0,,,35.0,1298.0,43.0,1473.0,5.0,1682.0,2013,1
E08,14.0,7.0,,,1.0,1600.0,5.0,1458.0,1.0,1700.0,2013,1
E09,179.0,93.0,,,56.0,1300.0,34.0,1561.0,3.0,1917.0,2013,1
E10,7.0,,,,,,,,,,2013,1
E11,26.0,12.0,,,6.0,1117.0,6.0,1300.0,,,2013,1
W01,126.0,40.0,,,19.0,1497.0,21.0,2013.0,,,2013,2
W02,41.0,21.0,,,16.0,1370.0,5.0,2578.0,,,2013,2
W03,6.0,4.0,,,,,1.0,1700.0,3.0,1703.0,2013,2
W04,12.0,2.0,,,2.0,1025.0,,,,,2013,2
W05,55.0,26.0,1.0,915.0,16.0,1436.0,8.0,1544.0,1.0,1595.0,2013,2
W06,537.0,282.0,4.0,1119.0,116.0,1517.0,159.0,2135.0,3.0,3075.0,2013,2
W07,4.0,3.0,,,1.0,1700.0,2.0,2175.0,,,2013,2
W08,180.0,95.0,,,46.0,1436.0,47.0,1906.0,2.0,2400.0,2013,2
W09,14.0,5.0,,,1.0,1000.0,4.0,1788.0,,,2013,2
W10,53.0,29.0,,,12.0,1245.0,16.0,1470.0,1.0,1550.0,2013,2
C01,3601.0,2073.0,96.0,1386.0,1307.0,1734.0,650.0,2650.0,20.0,4000.0,2013,2
C02,296.0,108.0,2.0,1500.0,57.0,2249.0,47.0,4267.0,2.0,4550.0,2013,2
C03,19.0,13.0,,,5.0,1705.0,8.0,2513.0,,,2013,2
C04,28.0,15.0,2.0,1138.0,7.0,1582.0,6.0,2053.0,,,2013,2
C06,118.0,81.0,1.0,1125.0,52.0,1388.0,25.0,1775.0,3.0,2033.0,2013,2
C07,279.0,154.0,,,68.0,1497.0,72.0,1890.0,14.0,2059.0,2013,2
C08,892.0,522.0,30.0,1366.0,325.0,1669.0,165.0,2423.0,2.0,2665.0,2013,2
C09,53.0,27.0,,,10.0,2006.0,16.0,2752.0,1.0,4000.0,2013,2
C10,102.0,60.0,1.0,1275.0,35.0,1811.0,23.0,2484.0,1.0,2450.0,2013,2
C11,41.0,8.0,,,3.0,1333.0,3.0,1675.0,2.0,1575.0,2013,2
C12,37.0,20.0,,,8.0,1881.0,12.0,2675.0,,,2013,2
C13,75.0,43.0,,,16.0,1444.0,26.0,1702.0,1.0,1700.0,2013,2
C14,755.0,471.0,11.0,1321.0,236.0,1546.0,215.0,2027.0,9.0,2694.0,2013,2
C15,396.0,240.0,10.0,1249.0,149.0,1492.0,75.0,2092.0,6.0,2333.0,2013,2
E01,50.0,31.0,1.0,1225.0,26.0,1660.0,4.0,1986.0,,,2013,2
E02,13.0,6.0,,,4.0,1425.0,2.0,2350.0,,,2013,2
E03,6.0,2.0,,,1.0,1500.0,1.0,2500.0,,,2013,2
E04,27.0,9.0,,,2.0,1150.0,7.0,1436.0,,,2013,2
E05,40.0,27.0,,,6.0,1312.0,20.0,1627.0,1.0,2100.0,2013,2
E06,,,,,,,,,,,2013,2
E07,142.0,90.0,,,43.0,1307.0,43.0,1502.0,4.0,1619.0,2013,2
E08,8.0,2.0,,,1.0,1600.0,1.0,1398.0,,,2013,2
E09,195.0,137.0,2.0,985.0,72.0,1312.0,59.0,1611.0,4.0,1975.0,2013,2
E10,6.0,3.0,,,2.0,1200.0,1.0,1075.0,,,2013,2
E11,20.0,12.0,,,4.0,1138.0,7.0,1379.0,1.0,1600.0,2013,2
W01,199.0,108.0,,,76.0,1464.0,31.0,2048.0,1.0,2150.0,2013,3
W02,30.0,12.0,,,11.0,1402.0,1.0,1750.0,,,2013,3
W03,4.0,4.0,,,2.0,1125.0,2.0,1688.0,,,2013,3
W04,17.0,7.0,,,4.0,1181.0,3.0,1800.0,,,2013,3
W05,71.0,38.0,1.0,950.0,25.0,1469.0,8.0,1788.0,4.0,1800.0,2013,3
W06,373.0,215.0,3.0,1237.0,102.0,1544.0,103.0,2187.0,7.0,3554.0,2013,3
W07,3.0,,,,,,,,,,2013,3
W08,203.0,127.0,,,70.0,1439.0,57.0,1818.0,,,2013,3
W09,16.0,6.0,,,,,5.0,1280.0,1.0,1750.0,2013,3
W10,50.0,25.0,,,4.0,1176.0,21.0,1484.0,,,2013,3
C01,3479.0,2100.0,101.0,1393.0,1287.0,1780.0,685.0,2616.0,27.0,3804.0,2013,3
C02,311.0,128.0,5.0,1520.0,65.0,2128.0,57.0,4915.0,1.0,5200.0,2013,3
C03,15.0,7.0,,,5.0,2317.0,2.0,1800.0,,,2013,3
C04,44.0,22.0,1.0,1300.0,10.0,1722.0,6.0,2153.0,5.0,2285.0,2013,3
C06,66.0,38.0,,,18.0,1365.0,20.0,1810.0,,,2013,3
C07,372.0,264.0,,,115.0,1517.0,133.0,1949.0,16.0,2348.0,2013,3
C08,938.0,571.0,27.0,1384.0,383.0,1751.0,158.0,2439.0,3.0,5150.0,2013,3
C09,65.0,35.0,,,18.0,1820.0,17.0,2791.0,,,2013,3
C10,135.0,72.0,,,41.0,1793.0,31.0,2663.0,,,2013,3
C11,29.0,9.0,,,5.0,1140.0,4.0,1775.0,,,2013,3
C12,43.0,24.0,,,8.0,1763.0,15.0,2626.0,1.0,2750.0,2013,3
C13,98.0,55.0,,,18.0,1370.0,33.0,1713.0,4.0,2256.0,2013,3
C14,838.0,610.0,6.0,1289.0,305.0,1552.0,287.0,2062.0,12.0,2656.0,2013,3
C15,493.0,332.0,9.0,1272.0,196.0,1521.0,122.0,1952.0,5.0,2255.0,2013,3
E01,38.0,23.0,,,18.0,1736.0,5.0,2329.0,,,2013,3
E02,19.0,11.0,,,6.0,2065.0,5.0,2060.0,,,2013,3
E03,9.0,5.0,,,2.0,1550.0,2.0,2150.0,1.0,1900.0,2013,3
E04,34.0,22.0,,,6.0,1264.0,15.0,1465.0,1.0,1550.0,2013,3
E05,47.0,28.0,,,11.0,1420.0,17.0,1765.0,,,2013,3
E06,5.0,1.0,,,1.0,1250.0,,,,,2013,3
E07,142.0,107.0,,,40.0,1340.0,64.0,1493.0,3.0,1650.0,2013,3
E08,6.0,3.0,,,1.0,1125.0,2.0,1400.0,,,2013,3
E09,236.0,180.0,1.0,1050.0,90.0,1358.0,84.0,1685.0,5.0,1910.0,2013,3
E10,3.0,2.0,,,,,1.0,1280.0,1.0,1500.0,2013,3
E11,26.0,16.0,,,9.0,1191.0,7.0,1475.0,,,2013,3
W01,130.0,67.0,,,46.0,1457.0,20.0,2168.0,1.0,1750.0,2013,4
W02,102.0,35.0,,,23.0,1453.0,12.0,1987.0,,,2013,4
W03,5.0,2.0,,,,,1.0,1350.0,1.0,1700.0,2013,4
W04,12.0,4.0,,,3.0,1175.0,1.0,1600.0,,,2013,4
W05,54.0,34.0,,,24.0,1402.0,8.0,1729.0,2.0,1800.0,2013,4
W06,324.0,125.0,,,72.0,1586.0,52.0,2206.0,1.0,4500.0,2013,4
W07,11.0,5.0,,,1.0,1300.0,4.0,2183.0,,,2013,4
W08,227.0,102.0,,,53.0,1422.0,47.0,1837.0,2.0,2125.0,2013,4
W09,19.0,7.0,,,2.0,1725.0,3.0,1808.0,2.0,1525.0,2013,4
W10,51.0,27.0,,,4.0,1294.0,19.0,1427.0,4.0,1338.0,2013,4
C01,2955.0,1289.0,57.0,1383.0,840.0,1767.0,378.0,2592.0,14.0,3696.0,2013,4
C02,252.0,81.0,1.0,1500.0,42.0,2109.0,36.0,5121.0,2.0,3995.0,2013,4
C03,28.0,13.0,,,8.0,1682.0,4.0,2175.0,1.0,2550.0,2013,4
C04,33.0,12.0,2.0,985.0,3.0,1483.0,7.0,3240.0,,,2013,4
C06,53.0,29.0,,,12.0,1410.0,17.0,1715.0,,,2013,4
C07,256.0,149.0,,,61.0,1509.0,80.0,1976.0,8.0,2228.0,2013,4
C08,796.0,406.0,16.0,1390.0,278.0,1712.0,109.0,2458.0,3.0,3517.0,2013,4
C09,53.0,21.0,1.0,1600.0,12.0,1886.0,8.0,2769.0,,,2013,4
C10,102.0,56.0,,,33.0,1780.0,23.0,2722.0,,,2013,4
C11,27.0,13.0,,,6.0,1438.0,5.0,1740.0,2.0,1925.0,2013,4
C12,16.0,10.0,,,6.0,1915.0,3.0,2718.0,1.0,7500.0,2013,4
C13,100.0,60.0,,,22.0,1400.0,34.0,1818.0,4.0,1758.0,2013,4
C14,643.0,343.0,8.0,1296.0,185.0,1551.0,142.0,2023.0,8.0,2575.0,2013,4
C15,399.0,181.0,3.0,1293.0,120.0,1487.0,57.0,2080.0,1.0,1799.0,2013,4
E01,30.0,14.0,,,11.0,1597.0,3.0,2417.0,,,2013,4
E02,15.0,6.0,,,2.0,1675.0,4.0,2350.0,,,2013,4
E03,5.0,,,,,,,,,,2013,4
E04,32.0,17.0,,,8.0,1259.0,8.0,1431.0,1.0,1350.0,2013,4
E05,52.0,26.0,,,8.0,1416.0,17.0,1787.0,1.0,2200.0,2013,4
E06,1.0,1.0,,,1.0,1750.0,,,,,2013,4
E07,108.0,44.0,,,15.0,1328.0,29.0,1469.0,,,2013,4
E08,15.0,10.0,,,3.0,1110.0,6.0,1425.0,1.0,1700.0,2013,4
E09,283.0,133.0,17.0,915.0,72.0,1326.0,39.0,1705.0,5.0,1926.0,2013,4
E10,2.0,,,,,,,,,,2013,4
E11,22.0,9.0,,,5.0,1163.0,3.0,1483.0,1.0,1750.0,2013,4
W01,117.0,41.0,,,23.0,1501.0,18.0,2002.0,,,2014,1
W02,86.0,46.0,,,35.0,1528.0,10.0,2038.0,1.0,2650.0,2014,1
W03,5.0,1.0,,,1.0,1175.0,,,,,2014,1
W04,14.0,7.0,,,5.0,1304.0,2.0,1298.0,,,2014,1
W05,45.0,17.0,,,12.0,1463.0,5.0,1555.0,,,2014,1
W06,374.0,155.0,,,72.0,1532.0,79.0,2231.0,4.0,3891.0,2014,1
W07,3.0,1.0,,,1.0,2600.0,,,,,2014,1
W08,397.0,203.0,,,130.0,1396.0,71.0,1774.0,2.0,1888.0,2014,1
W09,20.0,5.0,,,,,4.0,1388.0,1.0,1300.0,2014,1
W10,45.0,20.0,,,12.0,1281.0,7.0,1414.0,1.0,1350.0,2014,1
C01,3751.0,1659.0,64.0,1354.0,1102.0,1750.0,469.0,2588.0,24.0,4354.0,2014,1
C02,234.0,97.0,6.0,1443.0,40.0,1978.0,49.0,4102.0,2.0,5650.0,2014,1
C03,22.0,11.0,,,7.0,1531.0,4.0,2500.0,,,2014,1
C04,28.0,14.0,,,9.0,1656.0,4.0,2400.0,1.0,1700.0,2014,1
C06,56.0,29.0,,,21.0,1408.0,8.0,1913.0,,,2014,1
C07,262.0,127.0,,,67.0,1529.0,52.0,1955.0,8.0,2120.0,2014,1
C08,835.0,365.0,25.0,1391.0,214.0,1698.0,123.0,2526.0,3.0,2483.0,2014,1
C09,69.0,29.0,1.0,1500.0,16.0,1895.0,11.0,2811.0,1.0,5000.0,2014,1
C10,98.0,51.0,1.0,1295.0,37.0,1760.0,13.0,2577.0,,,2014,1
C11,69.0,28.0,,,16.0,1400.0,9.0,1730.0,3.0,1883.0,2014,1
C12,27.0,8.0,,,5.0,1748.0,3.0,4417.0,,,2014,1
C13,94.0,41.0,,,16.0,1442.0,22.0,1855.0,3.0,1838.0,2014,1
C14,715.0,363.0,8.0,1335.0,197.0,1544.0,145.0,2013.0,13.0,2573.0,2014,1
C15,550.0,264.0,2.0,1200.0,185.0,1450.0,75.0,1959.0,2.0,1725.0,2014,1
E01,32.0,17.0,,,13.0,1634.0,4.0,2316.0,,,2014,1
E02,22.0,13.0,1.0,1050.0,7.0,1650.0,4.0,2113.0,1.0,2300.0,2014,1
E03,6.0,3.0,,,,,3.0,1933.0,,,2014,1
E04,16.0,10.0,,,5.0,1315.0,5.0,1510.0,,,2014,1
E05,57.0,22.0,,,6.0,1357.0,13.0,1672.0,3.0,1863.0,2014,1
E06,4.0,,,,,,,,,,2014,1
E07,148.0,49.0,,,16.0,1292.0,29.0,1506.0,4.0,1712.0,2014,1
E08,11.0,6.0,,,2.0,1248.0,4.0,1344.0,,,2014,1
E09,321.0,163.0,4.0,953.0,107.0,1298.0,48.0,1605.0,4.0,1850.0,2014,1
E10,1.0,1.0,,,,,1.0,1450.0,,,2014,1
E11,24.0,12.0,,,4.0,1155.0,8.0,1388.0,,,2014,1
W01,132.0,67.0,,,46.0,1516.0,19.0,2083.0,2.0,3088.0,2014,2
W02,78.0,52.0,,,41.0,1380.0,10.0,2405.0,1.0,2500.0,2014,2
W03,6.0,3.0,,,1.0,1100.0,2.0,1725.0,,,2014,2
W04,15.0,6.0,,,3.0,1060.0,1.0,1450.0,2.0,1690.0,2014,2
W05,72.0,39.0,1.0,1250.0,30.0,1421.0,7.0,1619.0,1.0,1300.0,2014,2
W06,434.0,217.0,2.0,1173.0,107.0,1533.0,101.0,2096.0,7.0,3921.0,2014,2
W07,5.0,1.0,,,1.0,1700.0,,,,,2014,2
W08,466.0,261.0,,,167.0,1379.0,91.0,1773.0,3.0,2033.0,2014,2
W09,17.0,7.0,,,1.0,1400.0,5.0,1865.0,1.0,1850.0,2014,2
W10,43.0,28.0,,,6.0,1247.0,22.0,1439.0,,,2014,2
C01,3927.0,2410.0,112.0,1360.0,1573.0,1760.0,698.0,2562.0,27.0,3774.0,2014,2
C02,233.0,102.0,6.0,1513.0,43.0,2239.0,51.0,4132.0,2.0,6025.0,2014,2
C03,21.0,14.0,,,6.0,1721.0,8.0,2922.0,,,2014,2
C04,36.0,14.0,,,7.0,1718.0,6.0,1822.0,1.0,2250.0,2014,2
C06,67.0,42.0,,,25.0,1415.0,17.0,1880.0,,,2014,2
C07,335.0,186.0,,,91.0,1506.0,77.0,1952.0,18.0,2338.0,2014,2
C08,995.0,606.0,43.0,1325.0,373.0,1697.0,186.0,2487.0,4.0,3883.0,2014,2
C09,122.0,69.0,,,32.0,1969.0,37.0,2524.0,,,2014,2
C10,136.0,75.0,,,48.0,1795.0,27.0,2608.0,,,2014,2
C11,54.0,40.0,,,18.0,1363.0,21.0,1820.0,1.0,1450.0,2014,2
C12,43.0,21.0,,,8.0,1875.0,12.0,3004.0,1.0,2800.0,2014,2
C13,111.0,65.0,,,21.0,1388.0,41.0,1838.0,3.0,2108.0,2014,2
C14,985.0,537.0,6.0,1283.0,296.0,1537.0,229.0,2076.0,6.0,2607.0,2014,2
C15,556.0,324.0,6.0,1279.0,221.0,1484.0,89.0,1921.0,8.0,2144.0,2014,2
E01,32.0,18.0,,,15.0,1753.0,3.0,2000.0,,,2014,2
E02,22.0,12.0,,,6.0,1683.0,5.0,2580.0,1.0,2550.0,2014,2
E03,7.0,2.0,,,1.0,1600.0,1.0,2300.0,,,2014,2
E04,20.0,11.0,,,4.0,1219.0,7.0,1461.0,,,2014,2
E05,52.0,27.0,,,5.0,1420.0,19.0,1661.0,3.0,2153.0,2014,2
E06,1.0,,,,,,,,,,2014,2
E07,172.0,118.0,,,57.0,1288.0,58.0,1500.0,3.0,1800.0,2014,2
E08,15.0,9.0,,,,,8.0,1440.0,1.0,1500.0,2014,2
E09,239.0,175.0,7.0,1068.0,95.0,1344.0,64.0,1648.0,9.0,1983.0,2014,2
E10,1.0,1.0,,,1.0,1100.0,,,,,2014,2
E11,18.0,10.0,,,2.0,1250.0,8.0,1444.0,,,2014,2
W01,129.0,78.0,1.0,1400.0,45.0,1559.0,32.0,2193.0,,,2014,3
W02,36.0,26.0,,,13.0,1589.0,13.0,2187.0,,,2014,3
W03,3.0,2.0,,,,,1.0,1700.0,1.0,1800.0,2014,3
W04,18.0,7.0,,,4.0,1130.0,1.0,1500.0,2.0,1688.0,2014,3
W05,74.0,50.0,2.0,965.0,34.0,1437.0,11.0,1809.0,3.0,1617.0,2014,3
W06,511.0,289.0,2.0,1225.0,159.0,1529.0,122.0,2215.0,6.0,2992.0,2014,3
W07,4.0,1.0,,,,,1.0,1875.0,,,2014,3
W08,394.0,269.0,1.0,1275.0,142.0,1434.0,123.0,1763.0,3.0,2150.0,2014,3
W09,9.0,4.0,,,,,2.0,2200.0,2.0,1850.0,2014,3
W10,46.0,27.0,,,13.0,1252.0,13.0,1484.0,1.0,1450.0,2014,3
C01,3792.0,2560.0,124.0,1445.0,1585.0,1789.0,814.0,2616.0,37.0,3584.0,2014,3
C02,257.0,122.0,11.0,1501.0,58.0,2258.0,49.0,4533.0,4.0,8300.0,2014,3
C03,16.0,9.0,,,6.0,1675.0,2.0,3025.0,1.0,3500.0,2014,3
C04,53.0,29.0,2.0,1225.0,14.0,1444.0,12.0,2269.0,1.0,2100.0,2014,3
C06,58.0,38.0,,,20.0,1432.0,17.0,1834.0,1.0,3200.0,2014,3
C07,365.0,253.0,,,120.0,1533.0,115.0,1958.0,18.0,2517.0,2014,3
C08,814.0,572.0,40.0,1394.0,356.0,1775.0,173.0,2519.0,3.0,2710.0,2014,3
C09,100.0,67.0,,,32.0,1890.0,33.0,2968.0,2.0,3125.0,2014,3
C10,154.0,100.0,1.0,1300.0,59.0,1825.0,40.0,2829.0,,,2014,3
C11,37.0,16.0,,,8.0,1345.0,4.0,1763.0,4.0,1400.0,2014,3
C12,52.0,18.0,,,11.0,1866.0,7.0,2573.0,,,2014,3
C13,103.0,49.0,,,22.0,1490.0,24.0,1778.0,3.0,1850.0,2014,3
C14,1072.0,713.0,7.0,1297.0,360.0,1564.0,334.0,2059.0,12.0,2654.0,2014,3
C15,739.0,490.0,17.0,1211.0,328.0,1510.0,138.0,1997.0,7.0,3029.0,2014,3
E01,39.0,22.0,,,17.0,1613.0,5.0,2380.0,,,2014,3
E02,30.0,9.0,,,4.0,1990.0,5.0,2070.0,,,2014,3
E03,12.0,5.0,,,2.0,1400.0,3.0,1782.0,,,2014,3
E04,36.0,23.0,,,9.0,1183.0,12.0,1460.0,2.0,1625.0,2014,3
E05,64.0,33.0,,,10.0,1354.0,21.0,1728.0,2.0,1825.0,2014,3
E06,17.0,4.0,,,4.0,1338.0,,,,,2014,3
E07,116.0,82.0,,,35.0,1327.0,46.0,1544.0,1.0,1400.0,2014,3
E08,14.0,8.0,,,2.0,1193.0,6.0,1542.0,,,2014,3
E09,236.0,185.0,6.0,1128.0,99.0,1374.0,71.0,1735.0,9.0,2067.0,2014,3
E10,4.0,2.0,,,1.0,1150.0,1.0,1200.0,,,2014,3
E11,19.0,11.0,,,3.0,1208.0,7.0,1464.0,1.0,1650.0,2014,3
W01,130.0,67.0,,,35.0,1511.0,31.0,2013.0,1.0,1900.0,2014,4
W02,32.0,16.0,,,10.0,1596.0,6.0,2121.0,,,2014,4
W03,6.0,4.0,,,4.0,1256.0,,,,,2014,4
W04,15.0,11.0,1.0,850.0,4.0,1225.0,3.0,1600.0,3.0,1550.0,2014,4
W05,49.0,26.0,,,18.0,1479.0,7.0,1804.0,1.0,1850.0,2014,4
W06,385.0,170.0,,,96.0,1568.0,70.0,2350.0,4.0,3550.0,2014,4
W07,11.0,6.0,,,2.0,1580.0,4.0,2619.0,,,2014,4
W08,204.0,99.0,,,50.0,1492.0,48.0,2001.0,1.0,1750.0,2014,4
W09,11.0,6.0,,,1.0,1140.0,3.0,1717.0,2.0,1800.0,2014,4
W10,30.0,15.0,,,2.0,1388.0,11.0,1458.0,2.0,1325.0,2014,4
C01,3550.0,1639.0,67.0,1373.0,1072.0,1744.0,482.0,2556.0,18.0,4139.0,2014,4
C02,213.0,72.0,1.0,1400.0,36.0,2308.0,33.0,4600.0,2.0,6350.0,2014,4
C03,42.0,11.0,,,5.0,1795.0,6.0,2272.0,,,2014,4
C04,47.0,16.0,1.0,1175.0,10.0,1386.0,5.0,1825.0,,,2014,4
C06,41.0,21.0,,,11.0,1428.0,10.0,1865.0,,,2014,4
C07,423.0,227.0,,,128.0,1582.0,93.0,2066.0,6.0,2207.0,2014,4
C08,784.0,312.0,17.0,1380.0,192.0,1742.0,102.0,2576.0,1.0,3400.0,2014,4
C09,43.0,19.0,,,12.0,1998.0,7.0,2886.0,,,2014,4
C10,132.0,79.0,,,49.0,1758.0,30.0,2770.0,,,2014,4
C11,58.0,30.0,,,10.0,1478.0,19.0,1660.0,1.0,1600.0,2014,4
C12,51.0,18.0,,,7.0,1782.0,10.0,2898.0,1.0,4000.0,2014,4
C13,120.0,55.0,3.0,1100.0,22.0,1405.0,29.0,1836.0,1.0,2450.0,2014,4
C14,815.0,430.0,2.0,1440.0,244.0,1557.0,173.0,2041.0,11.0,2666.0,2014,4
C15,709.0,343.0,10.0,1218.0,251.0,1463.0,78.0,1932.0,4.0,1988.0,2014,4
E01,39.0,20.0,,,18.0,1739.0,2.0,2225.0,,,2014,4
E02,27.0,6.0,,,3.0,1962.0,3.0,2649.0,,,2014,4
E03,18.0,5.0,,,3.0,1425.0,2.0,1475.0,,,2014,4
E04,24.0,10.0,,,4.0,1138.0,6.0,1513.0,,,2014,4
E05,47.0,23.0,,,6.0,1433.0,13.0,1676.0,4.0,1555.0,2014,4
E06,14.0,3.0,,,1.0,1350.0,2.0,1850.0,,,2014,4
E07,93.0,53.0,,,27.0,1299.0,24.0,1524.0,2.0,1825.0,2014,4
E08,15.0,8.0,,,2.0,1175.0,6.0,1478.0,,,2014,4
E09,158.0,97.0,5.0,995.0,58.0,1379.0,31.0,1695.0,3.0,2117.0,2014,4
E10,5.0,1.0,,,,,1.0,1450.0,,,2014,4
E11,38.0,24.0,,,12.0,1225.0,12.0,1473.0,,,2014,4
W01,155.0,66.0,,,36.0,1565.0,29.0,2107.0,1.0,1750.0,2015,1
W02,58.0,30.0,,,20.0,1495.0,10.0,2045.0,,,2015,1
W03,5.0,1.0,,,,,1.0,1500.0,,,2015,1
W04,82.0,33.0,,,21.0,1324.0,12.0,1663.0,,,2015,1
W05,46.0,25.0,2.0,1068.0,15.0,1475.0,6.0,1492.0,2.0,1485.0,2015,1
W06,773.0,299.0,4.0,1137.0,175.0,1431.0,116.0,2109.0,4.0,3068.0,2015,1
W07,18.0,7.0,,,5.0,1445.0,2.0,1825.0,,,2015,1
W08,316.0,145.0,,,84.0,1454.0,59.0,1897.0,2.0,1775.0,2015,1
W09,10.0,2.0,,,,,2.0,1750.0,,,2015,1
W10,45.0,20.0,,,7.0,1256.0,12.0,1431.0,1.0,1500.0,2015,1
C01,4633.0,2106.0,96.0,1335.0,1336.0,1704.0,640.0,2487.0,34.0,3410.0,2015,1
C02,381.0,122.0,7.0,1407.0,57.0,1964.0,53.0,5030.0,5.0,6113.0,2015,1
C03,92.0,55.0,,,38.0,1670.0,17.0,2396.0,,,2015,1
C04,58.0,20.0,,,10.0,1578.0,7.0,2403.0,3.0,2167.0,2015,1
C06,46.0,27.0,,,16.0,1375.0,9.0,1822.0,2.0,1875.0,2015,1
C07,607.0,301.0,1.0,1300.0,151.0,1545.0,144.0,2008.0,5.0,2700.0,2015,1
C08,1157.0,510.0,26.0,1368.0,337.0,1720.0,146.0,2468.0,1.0,8500.0,2015,1
C09,64.0,23.0,,,13.0,2000.0,9.0,2700.0,1.0,8500.0,2015,1
C10,120.0,45.0,1.0,1325.0,27.0,1826.0,17.0,2479.0,,,2015,1
C11,45.0,13.0,,,5.0,1367.0,8.0,1900.0,,,2015,1
C12,43.0,14.0,,,5.0,1815.0,8.0,2939.0,1.0,2400.0,2015,1
C13,149.0,69.0,2.0,1150.0,42.0,1410.0,25.0,1818.0,,,2015,1
C14,887.0,345.0,9.0,1349.0,170.0,1524.0,159.0,2008.0,7.0,2519.0,2015,1
C15,763.0,428.0,2.0,1270.0,312.0,1445.0,109.0,1941.0,5.0,2362.0,2015,1
E01,45.0,18.0,2.0,963.0,13.0,1892.0,3.0,2383.0,,,2015,1
E02,40.0,11.0,,,7.0,1620.0,4.0,2925.0,,,2015,1
E03,19.0,8.0,,,2.0,850.0,5.0,1510.0,1.0,1600.0,2015,1
E04,31.0,14.0,,,6.0,1268.0,7.0,1513.0,1.0,1650.0,2015,1
E05,98.0,42.0,,,20.0,1280.0,19.0,1638.0,3.0,1808.0,2015,1
E06,9.0,3.0,,,3.0,1550.0,,,,,2015,1
E07,95.0,46.0,,,21.0,1325.0,23.0,1527.0,2.0,1600.0,2015,1
E08,14.0,8.0,,,1.0,1100.0,7.0,1476.0,,,2015,1
E09,204.0,99.0,2.0,1100.0,55.0,1374.0,39.0,1686.0,3.0,2200.0,2015,1
E10,10.0,3.0,,,1.0,1300.0,2.0,1425.0,,,2015,1
E11,12.0,5.0,,,2.0,1225.0,3.0,1425.0,,,2015,1
W01,195.0,102.0,,,70.0,1632.0,31.0,2110.0,1.0,2190.0,2015,2
W02,76.0,56.0,,,35.0,1516.0,21.0,2304.0,,,2015,2
W03,4.0,2.0,,,1.0,1400.0,,,1.0,1900.0,2015,2
W04,108.0,72.0,,,51.0,1305.0,18.0,1644.0,3.0,1750.0,2015,2
W05,100.0,39.0,2.0,1123.0,23.0,1413.0,12.0,1612.0,2.0,2000.0,2015,2
W06,850.0,482.0,2.0,1038.0,276.0,1448.0,202.0,2012.0,2.0,2925.0,2015,2
W07,13.0,9.0,,,9.0,1565.0,,,,,2015,2
W08,331.0,182.0,1.0,1210.0,113.0,1454.0,66.0,1909.0,2.0,2363.0,2015,2
W09,12.0,8.0,,,1.0,955.0,7.0,1699.0,,,2015,2
W10,43.0,31.0,,,11.0,1237.0,20.0,1481.0,,,2015,2
C01,4924.0,2931.0,201.0,1352.0,1836.0,1749.0,841.0,2639.0,53.0,3602.0,2015,2
C02,589.0,217.0,9.0,1457.0,122.0,1779.0,84.0,4394.0,2.0,4900.0,2015,2
C03,105.0,49.0,1.0,1280.0,23.0,1684.0,24.0,2327.0,1.0,5500.0,2015,2
C04,45.0,14.0,,,8.0,1500.0,5.0,1826.0,1.0,3500.0,2015,2
C06,45.0,23.0,1.0,1190.0,14.0,1412.0,8.0,1888.0,,,2015,2
C07,749.0,441.0,1.0,1100.0,234.0,1570.0,189.0,2055.0,17.0,2211.0,2015,2
C08,1581.0,865.0,72.0,1349.0,529.0,1709.0,262.0,2425.0,2.0,2950.0,2015,2
C09,86.0,39.0,,,16.0,1795.0,23.0,2719.0,,,2015,2
C10,172.0,89.0,2.0,1275.0,49.0,1733.0,38.0,2810.0,,,2015,2
C11,63.0,30.0,,,12.0,1437.0,16.0,2168.0,2.0,1488.0,2015,2
C12,55.0,32.0,,,13.0,1856.0,19.0,2655.0,,,2015,2
C13,103.0,51.0,,,25.0,1415.0,24.0,1863.0,2.0,2300.0,2015,2
C14,1194.0,656.0,11.0,1274.0,355.0,1546.0,277.0,2087.0,13.0,2772.0,2015,2
C15,578.0,345.0,9.0,1292.0,241.0,1489.0,91.0,1954.0,4.0,2138.0,2015,2
E01,45.0,29.0,,,24.0,1687.0,5.0,2078.0,,,2015,2
E02,57.0,19.0,1.0,960.0,10.0,1647.0,8.0,2584.0,,,2015,2
E03,16.0,8.0,,,4.0,1149.0,3.0,1417.0,1.0,1725.0,2015,2
E04,29.0,15.0,,,9.0,1213.0,6.0,1426.0,,,2015,2
E05,89.0,52.0,,,23.0,1373.0,27.0,1669.0,2.0,1825.0,2015,2
E06,8.0,1.0,,,,,1.0,1700.0,,,2015,2
E07,112.0,65.0,,,33.0,1335.0,28.0,1521.0,4.0,1763.0,2015,2
E08,11.0,6.0,,,3.0,1042.0,3.0,1533.0,,,2015,2
E09,293.0,181.0,7.0,1046.0,100.0,1358.0,71.0,1713.0,3.0,2117.0,2015,2
E10,8.0,4.0,,,,,3.0,1347.0,1.0,1500.0,2015,2
E11,10.0,6.0,,,3.0,1125.0,3.0,1450.0,,,2015,2
W01,200.0,109.0,,,79.0,1617.0,29.0,2164.0,1.0,2700.0,2015,3
W02,54.0,25.0,,,17.0,1673.0,8.0,2616.0,,,2015,3
W03,5.0,4.0,,,1.0,1100.0,2.0,1738.0,1.0,1900.0,2015,3
W04,39.0,20.0,,,10.0,1412.0,9.0,1748.0,1.0,2500.0,2015,3
W05,118.0,78.0,2.0,1048.0,58.0,1463.0,16.0,1635.0,2.0,1400.0,2015,3
W06,777.0,486.0,2.0,1150.0,261.0,1511.0,218.0,2017.0,5.0,3590.0,2015,3
W07,15.0,6.0,,,1.0,1650.0,5.0,2175.0,,,2015,3
W08,312.0,195.0,1.0,1215.0,114.0,1468.0,78.0,1827.0,2.0,2150.0,2015,3
W09,8.0,2.0,,,,,2.0,1425.0,,,2015,3
W10,37.0,23.0,,,6.0,1271.0,16.0,1529.0,1.0,1900.0,2015,3
C01,4720.0,3154.0,181.0,1412.0,1984.0,1783.0,921.0,2693.0,68.0,3408.0,2015,3
C02,626.0,343.0,21.0,1407.0,207.0,1975.0,115.0,3405.0,,,2015,3
C03,110.0,67.0,1.0,1300.0,30.0,1595.0,35.0,2282.0,1.0,3500.0,2015,3
C04,45.0,23.0,,,11.0,1431.0,10.0,1934.0,2.0,2288.0,2015,3
C06,89.0,49.0,,,29.0,1432.0,20.0,1729.0,,,2015,3
C07,521.0,383.0,,,156.0,1587.0,206.0,2092.0,21.0,2429.0,2015,3
C08,1347.0,864.0,62.0,1379.0,551.0,1779.0,247.0,2464.0,4.0,3700.0,2015,3
C09,86.0,44.0,,,22.0,1865.0,21.0,2669.0,1.0,5000.0,2015,3
C10,208.0,101.0,1.0,1350.0,63.0,1758.0,36.0,2799.0,1.0,2400.0,2015,3
C11,51.0,36.0,,,12.0,1431.0,23.0,1876.0,1.0,1450.0,2015,3
C12,37.0,21.0,,,7.0,1854.0,14.0,3363.0,,,2015,3
C13,105.0,53.0,1.0,1250.0,21.0,1458.0,26.0,2078.0,5.0,2056.0,2015,3
C14,1191.0,879.0,19.0,1317.0,438.0,1579.0,403.0,2104.0,19.0,2734.0,2015,3
C15,677.0,448.0,13.0,1269.0,297.0,1528.0,133.0,2043.0,5.0,2150.0,2015,3
E01,89.0,43.0,,,26.0,1643.0,16.0,2036.0,1.0,3000.0,2015,3
E02,50.0,26.0,2.0,1015.0,11.0,1573.0,12.0,2058.0,1.0,2850.0,2015,3
E03,9.0,5.0,,,1.0,1150.0,3.0,1717.0,1.0,1600.0,2015,3
E04,28.0,22.0,,,12.0,1298.0,9.0,1525.0,1.0,1300.0,2015,3
E05,92.0,57.0,,,27.0,1389.0,25.0,1758.0,5.0,2280.0,2015,3
E06,5.0,2.0,,,1.0,1430.0,1.0,1750.0,,,2015,3
E07,138.0,79.0,,,30.0,1367.0,47.0,1585.0,2.0,1775.0,2015,3
E08,18.0,10.0,,,3.0,1358.0,7.0,1560.0,,,2015,3
E09,246.0,194.0,4.0,1175.0,112.0,1427.0,75.0,1754.0,3.0,2263.0,2015,3
E10,3.0,1.0,,,,,,,1.0,1390.0,2015,3
E11,15.0,11.0,,,4.0,1256.0,7.0,1532.0,,,2015,3
W01,147.0,94.0,,,61.0,1724.0,31.0,2396.0,2.0,5225.0,2015,4
W02,99.0,48.0,1.0,1200.0,34.0,1735.0,11.0,2290.0,2.0,2300.0,2015,4
W03,2.0,1.0,,,,,1.0,1600.0,,,2015,4
W04,33.0,18.0,1.0,925.0,10.0,1451.0,5.0,1750.0,2.0,1950.0,2015,4
W05,67.0,40.0,,,32.0,1430.0,7.0,1696.0,1.0,1550.0,2015,4
W06,416.0,245.0,2.0,1200.0,113.0,1582.0,130.0,2065.0,,,2015,4
W07,7.0,2.0,,,1.0,1495.0,1.0,1900.0,,,2015,4
W08,212.0,123.0,1.0,1150.0,64.0,1493.0,56.0,1956.0,2.0,2225.0,2015,4
W09,12.0,7.0,,,1.0,1500.0,5.0,1915.0,1.0,1900.0,2015,4
W10,33.0,15.0,,,5.0,1316.0,10.0,1575.0,,,2015,4
C01,3809.0,2008.0,83.0,1406.0,1326.0,1791.0,559.0,2670.0,40.0,3436.0,2015,4
C02,374.0,141.0,9.0,1489.0,70.0,1981.0,60.0,3697.0,2.0,8750.0,2015,4
C03,105.0,37.0,4.0,1238.0,17.0,1686.0,15.0,2770.0,1.0,1995.0,2015,4
C04,31.0,17.0,,,6.0,1492.0,10.0,1850.0,1.0,2150.0,2015,4
C06,130.0,82.0,,,55.0,1429.0,27.0,1795.0,,,2015,4
C07,318.0,196.0,,,84.0,1612.0,101.0,2075.0,11.0,2628.0,2015,4
C08,893.0,423.0,28.0,1374.0,268.0,1786.0,125.0,2557.0,2.0,3350.0,2015,4
C09,61.0,29.0,,,14.0,1805.0,13.0,3040.0,2.0,3925.0,2015,4
C10,172.0,74.0,1.0,1280.0,51.0,1795.0,22.0,2598.0,,,2015,4
C11,38.0,14.0,,,5.0,1369.0,6.0,1467.0,3.0,1998.0,2015,4
C12,29.0,11.0,,,4.0,1833.0,7.0,2729.0,,,2015,4
C13,105.0,55.0,,,26.0,1489.0,27.0,1886.0,2.0,2200.0,2015,4
C14,855.0,522.0,8.0,1347.0,274.0,1586.0,228.0,2098.0,12.0,2782.0,2015,4
C15,585.0,378.0,8.0,1255.0,269.0,1511.0,100.0,2003.0,1.0,1900.0,2015,4
E01,113.0,78.0,1.0,1250.0,56.0,1636.0,21.0,2130.0,,,2015,4
E02,28.0,10.0,2.0,1225.0,3.0,1558.0,5.0,2059.0,,,2015,4
E03,12.0,3.0,,,2.0,1363.0,1.0,1525.0,,,2015,4
E04,36.0,17.0,,,10.0,1308.0,6.0,1517.0,1.0,1650.0,2015,4
E05,64.0,37.0,,,8.0,1382.0,24.0,1626.0,5.0,1970.0,2015,4
E06,3.0,2.0,,,1.0,1875.0,1.0,2500.0,,,2015,4
E07,97.0,63.0,,,26.0,1342.0,36.0,1557.0,1.0,1750.0,2015,4
E08,16.0,7.0,,,3.0,1333.0,4.0,1538.0,,,2015,4
E09,149.0,92.0,5.0,1085.0,50.0,1433.0,36.0,1740.0,1.0,1875.0,2015,4
E10,4.0,2.0,,,,,2.0,1313.0,,,2015,4
E11,25.0,10.0,,,6.0,1292.0,4.0,1500.0,,,2015,4
W01,78.0,50.0,,,25.0,1662.0,24.0,2532.0,1.0,1700.0,2016,1
W02,98.0,72.0,5.0,1280.0,51.0,1758.0,16.0,2681.0,,,2016,1
W03,3.0,3.0,,,2.0,1263.0,1.0,1675.0,,,2016,1
W04,39.0,17.0,,,13.0,1328.0,3.0,1725.0,1.0,2350.0,2016,1
W05,58.0,34.0,2.0,1075.0,24.0,1503.0,7.0,1681.0,1.0,1450.0,2016,1
W06,393.0,236.0,,,144.0,1564.0,89.0,2287.0,3.0,4000.0,2016,1
W07,5.0,2.0,,,1.0,1650.0,1.0,2200.0,,,2016,1
W08,215.0,132.0,,,69.0,1476.0,63.0,1984.0,,,2016,1
W09,9.0,3.0,,,,,2.0,1588.0,1.0,2000.0,2016,1
W10,57.0,24.0,,,13.0,1338.0,9.0,1544.0,2.0,1525.0,2016,1
C01,4059.0,2351.0,121.0,1404.0,1548.0,1774.0,634.0,2973.0,48.0,3534.0,2016,1
C02,393.0,155.0,4.0,1363.0,82.0,1969.0,67.0,4094.0,2.0,5200.0,2016,1
C03,149.0,72.0,4.0,1250.0,52.0,1706.0,15.0,2397.0,1.0,1995.0,2016,1
C04,32.0,10.0,1.0,1175.0,3.0,1500.0,6.0,2717.0,,,2016,1
C06,71.0,47.0,,,26.0,1450.0,21.0,1832.0,,,2016,1
C07,382.0,216.0,1.0,1300.0,111.0,1627.0,92.0,2083.0,12.0,2233.0,2016,1
C08,985.0,490.0,30.0,1382.0,307.0,1793.0,147.0,2650.0,6.0,3516.0,2016,1
C09,72.0,37.0,,,21.0,2001.0,15.0,2833.0,1.0,2950.0,2016,1
C10,169.0,67.0,1.0,1455.0,41.0,1815.0,24.0,2656.0,1.0,3625.0,2016,1
C11,55.0,26.0,,,10.0,1385.0,14.0,1846.0,2.0,1575.0,2016,1
C12,34.0,15.0,,,9.0,1872.0,6.0,2617.0,,,2016,1
C13,126.0,70.0,1.0,1650.0,39.0,1475.0,27.0,1966.0,3.0,2167.0,2016,1
C14,833.0,491.0,6.0,1448.0,277.0,1591.0,197.0,2081.0,11.0,2857.0,2016,1
C15,441.0,295.0,5.0,1321.0,220.0,1546.0,69.0,2041.0,1.0,1950.0,2016,1
E01,50.0,30.0,,,17.0,1779.0,13.0,2265.0,,,2016,1
E02,36.0,17.0,,,10.0,1685.0,7.0,2642.0,,,2016,1
E03,13.0,6.0,,,3.0,1567.0,3.0,1567.0,,,2016,1
E04,66.0,41.0,,,19.0,1336.0,19.0,1601.0,3.0,1850.0,2016,1
E05,64.0,35.0,,,11.0,1419.0,18.0,1767.0,6.0,1833.0,2016,1
E06,1.0,,,,,,,,,,2016,1
E07,92.0,53.0,,,22.0,1363.0,30.0,1587.0,1.0,1700.0,2016,1
E08,13.0,7.0,,,2.0,1263.0,5.0,1500.0,,,2016,1
E09,142.0,96.0,4.0,1020.0,54.0,1387.0,35.0,1758.0,3.0,1867.0,2016,1
E10,2.0,1.0,,,,,1.0,1350.0,,,2016,1
E11,24.0,16.0,,,5.0,1255.0,11.0,1427.0,,,2016,1
W01,80.0,62.0,,,44.0,1724.0,15.0,2279.0,3.0,4417.0,2016,2
W02,55.0,38.0,4.0,1338.0,21.0,1659.0,12.0,2889.0,1.0,2550.0,2016,2
W03,1.0,1.0,1.0,1000.0,,,,,,,2016,2
W04,37.0,25.0,,,17.0,1411.0,7.0,1754.0,1.0,1375.0,2016,2
W05,70.0,40.0,,,26.0,1494.0,14.0,1644.0,,,2016,2
W06,465.0,358.0,,,230.0,1589.0,127.0,2294.0,1.0,8000.0,2016,2
W07,14.0,9.0,,,7.0,1618.0,2.0,1775.0,,,2016,2
W08,223.0,157.0,,,92.0,1563.0,62.0,1993.0,3.0,2283.0,2016,2
W09,15.0,9.0,,,1.0,2400.0,5.0,1840.0,3.0,1850.0,2016,2
W10,53.0,43.0,,,22.0,1360.0,21.0,1637.0,,,2016,2
C01,4152.0,2941.0,171.0,1451.0,1834.0,1855.0,867.0,2748.0,69.0,3623.0,2016,2
C02,420.0,225.0,11.0,1455.0,120.0,2055.0,90.0,4083.0,4.0,8738.0,2016,2
C03,128.0,92.0,2.0,1345.0,58.0,1714.0,32.0,2504.0,,,2016,2
C04,72.0,24.0,2.0,1273.0,13.0,1640.0,7.0,2264.0,2.0,5550.0,2016,2
C06,60.0,40.0,,,28.0,1506.0,12.0,1883.0,,,2016,2
C07,415.0,311.0,,,149.0,1646.0,150.0,2162.0,12.0,2446.0,2016,2
C08,1372.0,924.0,60.0,1422.0,566.0,1780.0,294.0,2462.0,4.0,3500.0,2016,2
C09,79.0,39.0,,,18.0,1952.0,21.0,2702.0,,,2016,2
C10,165.0,96.0,1.0,1395.0,53.0,1833.0,39.0,2790.0,3.0,4500.0,2016,2
C11,64.0,42.0,,,16.0,1430.0,21.0,1955.0,5.0,1566.0,2016,2
C12,35.0,18.0,,,6.0,2012.0,12.0,3120.0,,,2016,2
C13,109.0,66.0,,,26.0,1502.0,40.0,1925.0,,,2016,2
C14,823.0,622.0,6.0,1413.0,332.0,1620.0,268.0,2149.0,16.0,2828.0,2016,2
C15,446.0,340.0,5.0,1320.0,225.0,1562.0,107.0,2040.0,3.0,2333.0,2016,2
E01,51.0,37.0,1.0,1500.0,27.0,1759.0,9.0,2266.0,,,2016,2
E02,33.0,17.0,,,8.0,2021.0,8.0,2416.0,1.0,2850.0,2016,2
E03,12.0,8.0,,,2.0,1675.0,4.0,2131.0,2.0,1900.0,2016,2
E04,38.0,31.0,,,11.0,1360.0,16.0,1547.0,4.0,1975.0,2016,2
E05,63.0,39.0,,,15.0,1446.0,22.0,1674.0,2.0,1875.0,2016,2
E06,2.0,,,,,,,,,,2016,2
E07,101.0,72.0,,,28.0,1397.0,39.0,1645.0,5.0,1790.0,2016,2
E08,17.0,9.0,,,3.0,1283.0,6.0,1670.0,,,2016,2
E09,201.0,160.0,5.0,1127.0,91.0,1449.0,60.0,1880.0,4.0,2238.0,2016,2
E10,2.0,2.0,,,1.0,1475.0,1.0,1250.0,,,2016,2
E11,18.0,10.0,,,5.0,1230.0,5.0,1586.0,,,2016,2
W01,74.0,55.0,1.0,1350.0,39.0,1721.0,14.0,2530.0,1.0,4500.0,2016,3
W02,68.0,55.0,8.0,1166.0,26.0,1728.0,20.0,2660.0,1.0,2390.0,2016,3
W03,4.0,1.0,,,1.0,1285.0,,,,,2016,3
W04,55.0,32.0,,,22.0,1471.0,9.0,1839.0,1.0,2150.0,2016,3
W05,62.0,52.0,1.0,1100.0,36.0,1564.0,12.0,1652.0,3.0,2033.0,2016,3
W06,365.0,283.0,,,159.0,1682.0,122.0,2363.0,2.0,4350.0,2016,3
W07,11.0,8.0,,,5.0,1810.0,2.0,2275.0,1.0,1600.0,2016,3
W08,190.0,149.0,1.0,1325.0,86.0,1592.0,58.0,2079.0,4.0,2100.0,2016,3
W09,7.0,5.0,,,,,5.0,1960.0,,,2016,3
W10,38.0,27.0,,,17.0,1394.0,9.0,1711.0,1.0,1600.0,2016,3
C01,4508.0,3377.0,217.0,1520.0,2073.0,1919.0,1037.0,2817.0,50.0,4293.0,2016,3
C02,366.0,240.0,21.0,1560.0,139.0,1986.0,77.0,4144.0,3.0,9667.0,2016,3
C03,60.0,41.0,,,24.0,1843.0,17.0,2674.0,,,2016,3
C04,121.0,50.0,,,39.0,1855.0,9.0,2736.0,2.0,2825.0,2016,3
C06,42.0,32.0,,,19.0,1553.0,13.0,1882.0,,,2016,3
C07,352.0,297.0,,,142.0,1683.0,135.0,2242.0,20.0,2443.0,2016,3
C08,1193.0,914.0,84.0,1497.0,582.0,1860.0,242.0,2603.0,6.0,4477.0,2016,3
C09,93.0,64.0,,,33.0,1994.0,30.0,2929.0,1.0,3200.0,2016,3
C10,236.0,140.0,,,93.0,1824.0,46.0,2579.0,1.0,2700.0,2016,3
C11,51.0,32.0,,,13.0,1452.0,17.0,1994.0,2.0,1723.0,2016,3
C12,29.0,18.0,,,9.0,2012.0,9.0,2853.0,,,2016,3
C13,85.0,60.0,2.0,1675.0,25.0,1574.0,31.0,2095.0,2.0,2250.0,2016,3
C14,851.0,723.0,13.0,1418.0,369.0,1684.0,330.0,2268.0,11.0,2855.0,2016,3
C15,437.0,356.0,10.0,1324.0,239.0,1625.0,104.0,2188.0,3.0,2633.0,2016,3
E01,47.0,36.0,2.0,1413.0,27.0,1666.0,7.0,2321.0,,,2016,3
E02,34.0,25.0,2.0,1020.0,12.0,1760.0,11.0,2482.0,,,2016,3
E03,12.0,9.0,,,6.0,1533.0,2.0,2563.0,1.0,1875.0,2016,3
E04,30.0,20.0,,,11.0,1418.0,7.0,1742.0,2.0,1900.0,2016,3
E05,69.0,53.0,,,19.0,1512.0,27.0,1817.0,7.0,1897.0,2016,3
E06,3.0,2.0,,,2.0,1438.0,,,,,2016,3
E07,90.0,71.0,,,27.0,1455.0,40.0,1705.0,4.0,1845.0,2016,3
E08,19.0,14.0,,,6.0,1449.0,7.0,1729.0,1.0,1750.0,2016,3
E09,240.0,203.0,5.0,1215.0,111.0,1541.0,78.0,1927.0,9.0,2331.0,2016,3
E10,,,,,,,,,,,2016,3
E11,15.0,14.0,,,8.0,1295.0,5.0,1740.0,1.0,1850.0,2016,3
W01,94.0,60.0,,,40.0,1837.0,20.0,2657.0,,,2016,4
W02,43.0,23.0,1.0,1500.0,14.0,1698.0,7.0,3200.0,1.0,2550.0,2016,4
W03,6.0,4.0,,,2.0,1275.0,1.0,1900.0,1.0,2250.0,2016,4
W04,209.0,147.0,,,84.0,1499.0,60.0,1829.0,3.0,2483.0,2016,4
W05,44.0,21.0,2.0,1038.0,13.0,1650.0,5.0,2010.0,1.0,2375.0,2016,4
W06,305.0,203.0,2.0,1475.0,106.0,1682.0,91.0,2461.0,4.0,3788.0,2016,4
W07,13.0,6.0,,,3.0,1667.0,3.0,2333.0,,,2016,4
W08,234.0,175.0,,,118.0,1611.0,51.0,2013.0,6.0,2154.0,2016,4
W09,8.0,2.0,,,,,1.0,1950.0,1.0,2000.0,2016,4
W10,36.0,25.0,,,12.0,1462.0,13.0,1712.0,,,2016,4
C01,3405.0,1953.0,148.0,1534.0,1235.0,1923.0,538.0,2864.0,32.0,4423.0,2016,4
C02,268.0,124.0,8.0,1640.0,69.0,2185.0,42.0,4225.0,5.0,9470.0,2016,4
C03,63.0,30.0,2.0,1400.0,20.0,1783.0,8.0,2606.0,,,2016,4
C04,112.0,44.0,1.0,1430.0,32.0,1896.0,11.0,2832.0,,,2016,4
C06,34.0,21.0,1.0,1200.0,13.0,1578.0,7.0,1950.0,,,2016,4
C07,218.0,157.0,1.0,1350.0,80.0,1764.0,70.0,2275.0,6.0,2786.0,2016,4
C08,794.0,443.0,42.0,1517.0,253.0,1935.0,145.0,2701.0,3.0,3883.0,2016,4
C09,55.0,30.0,,,10.0,2255.0,18.0,3000.0,2.0,6200.0,2016,4
C10,321.0,131.0,3.0,1513.0,81.0,1823.0,46.0,2589.0,1.0,3350.0,2016,4
C11,117.0,59.0,,,42.0,1440.0,14.0,2007.0,3.0,1667.0,2016,4
C12,20.0,11.0,,,2.0,1838.0,8.0,2919.0,1.0,3100.0,2016,4
C13,95.0,51.0,,,27.0,1587.0,20.0,2153.0,4.0,2230.0,2016,4
C14,540.0,381.0,2.0,1425.0,207.0,1731.0,165.0,2281.0,7.0,2811.0,2016,4
C15,348.0,252.0,6.0,1399.0,175.0,1649.0,66.0,2258.0,5.0,1990.0,2016,4
E01,39.0,27.0,1.0,1495.0,22.0,1737.0,4.0,2350.0,,,2016,4
E02,29.0,19.0,1.0,1250.0,7.0,1871.0,10.0,2645.0,1.0,2300.0,2016,4
E03,9.0,6.0,,,2.0,1438.0,4.0,1550.0,,,2016,4
E04,30.0,14.0,,,8.0,1344.0,5.0,1678.0,1.0,1700.0,2016,4
E05,44.0,24.0,,,12.0,1428.0,9.0,1844.0,3.0,2100.0,2016,4
E06,1.0,,,,,,,,,,2016,4
E07,66.0,45.0,,,25.0,1451.0,16.0,1749.0,4.0,1763.0,2016,4
E08,8.0,6.0,,,1.0,1300.0,3.0,1633.0,2.0,1625.0,2016,4
E09,142.0,97.0,2.0,1250.0,55.0,1543.0,36.0,1868.0,4.0,2438.0,2016,4
E10,3.0,2.0,,,,,1.0,1250.0,1.0,1600.0,2016,4
E11,16.0,13.0,,,6.0,1412.0,7.0,1614.0,,,2016,4
W01,65.0,41.0,,,28.0,1878.0,12.0,2581.0,1.0,2150.0,2017,1
W02,102.0,63.0,2.0,1550.0,36.0,1729.0,24.0,2358.0,1.0,3300.0,2017,1
W03,3.0,1.0,,,1.0,1550.0,,,,,2017,1
W04,134.0,103.0,1.0,1400.0,77.0,1499.0,22.0,1889.0,3.0,2350.0,2017,1
W05,61.0,35.0,,,26.0,1592.0,8.0,1880.0,1.0,1950.0,2017,1
W06,559.0,332.0,2.0,1418.0,203.0,1687.0,123.0,2332.0,4.0,3275.0,2017,1
W07,10.0,6.0,,,3.0,1700.0,3.0,2613.0,,,2017,1
W08,183.0,123.0,1.0,1375.0,69.0,1684.0,50.0,2058.0,3.0,2283.0,2017,1
W09,9.0,6.0,,,,,6.0,1988.0,,,2017,1
W10,30.0,14.0,,,8.0,1422.0,6.0,1698.0,,,2017,1
C01,3827.0,2137.0,127.0,1543.0,1351.0,1947.0,632.0,2890.0,27.0,4338.0,2017,1
C02,366.0,151.0,10.0,1530.0,85.0,2222.0,53.0,3957.0,3.0,9233.0,2017,1
C03,89.0,30.0,2.0,1300.0,18.0,1766.0,9.0,2677.0,1.0,2650.0,2017,1
C04,65.0,39.0,4.0,1275.0,19.0,1888.0,14.0,2875.0,2.0,2313.0,2017,1
C06,40.0,25.0,,,11.0,1591.0,13.0,1894.0,1.0,2500.0,2017,1
C07,308.0,185.0,1.0,1450.0,97.0,1776.0,78.0,2306.0,9.0,2442.0,2017,1
C08,1119.0,637.0,44.0,1480.0,408.0,1931.0,182.0,2638.0,3.0,4232.0,2017,1
C09,52.0,28.0,,,14.0,2046.0,11.0,3322.0,3.0,4617.0,2017,1
C10,544.0,274.0,4.0,1425.0,177.0,1834.0,93.0,2552.0,,,2017,1
C11,131.0,84.0,,,49.0,1472.0,34.0,2017.0,1.0,1650.0,2017,1
C12,26.0,17.0,,,6.0,2058.0,11.0,3001.0,,,2017,1
C13,164.0,91.0,3.0,1273.0,60.0,1614.0,26.0,1992.0,2.0,2175.0,2017,1
C14,577.0,385.0,6.0,1742.0,216.0,1732.0,158.0,2300.0,5.0,3474.0,2017,1
C15,370.0,235.0,3.0,1393.0,175.0,1658.0,53.0,2144.0,4.0,2070.0,2017,1
E01,34.0,23.0,,,13.0,1960.0,10.0,2507.0,,,2017,1
E02,18.0,10.0,,,4.0,1613.0,6.0,2567.0,,,2017,1
E03,7.0,4.0,,,1.0,1100.0,3.0,1867.0,,,2017,1
E04,27.0,18.0,,,6.0,1450.0,11.0,1659.0,1.0,1700.0,2017,1
E05,43.0,32.0,,,13.0,1492.0,15.0,1864.0,4.0,2215.0,2017,1
E06,2.0,2.0,,,1.0,1425.0,1.0,1900.0,,,2017,1
E07,93.0,70.0,,,39.0,1501.0,29.0,1688.0,2.0,1900.0,2017,1
E08,15.0,9.0,,,5.0,1374.0,4.0,1706.0,,,2017,1
E09,165.0,107.0,5.0,1266.0,63.0,1553.0,38.0,1891.0,1.0,1850.0,2017,1
E10,5.0,2.0,,,2.0,1500.0,,,,,2017,1
E11,17.0,11.0,,,3.0,1433.0,8.0,1631.0,,,2017,1
W01,94.0,61.0,,,36.0,1814.0,24.0,2499.0,1.0,3000.0,2017,2
W02,161.0,108.0,3.0,1410.0,79.0,1683.0,25.0,2571.0,1.0,2550.0,2017,2
W03,3.0,2.0,,,1.0,1400.0,1.0,2250.0,,,2017,2
W04,60.0,47.0,1.0,1000.0,31.0,1596.0,13.0,2017.0,2.0,2600.0,2017,2
W05,39.0,27.0,1.0,1200.0,21.0,1545.0,4.0,1848.0,1.0,1400.0,2017,2
W06,605.0,412.0,5.0,1360.0,239.0,1777.0,166.0,2531.0,2.0,2550.0,2017,2
W07,5.0,2.0,,,1.0,1700.0,1.0,2050.0,,,2017,2
W08,191.0,148.0,,,83.0,1721.0,63.0,2213.0,2.0,2125.0,2017,2
W09,9.0,8.0,,,1.0,1900.0,7.0,1957.0,,,2017,2
W10,70.0,38.0,,,27.0,1571.0,10.0,1750.0,1.0,575.0,2017,2
C01,3791.0,2748.0,164.0,1591.0,1699.0,2030.0,827.0,2983.0,58.0,4088.0,2017,2
C02,376.0,230.0,13.0,1585.0,131.0,2060.0,84.0,3749.0,2.0,5275.0,2017,2
C03,117.0,67.0,2.0,1538.0,34.0,1831.0,31.0,2562.0,,,2017,2
C04,45.0,31.0,2.0,1340.0,12.0,1683.0,16.0,2987.0,1.0,2250.0,2017,2
C06,44.0,35.0,,,18.0,1674.0,17.0,2045.0,,,2017,2
C07,373.0,280.0,,,137.0,1837.0,127.0,2427.0,16.0,2757.0,2017,2
C08,1201.0,882.0,49.0,1575.0,575.0,1997.0,254.0,2794.0,4.0,4861.0,2017,2
C09,65.0,41.0,,,18.0,2138.0,21.0,2746.0,2.0,5325.0,2017,2
C10,369.0,293.0,3.0,1550.0,182.0,1893.0,105.0,2687.0,3.0,3667.0,2017,2
C11,76.0,53.0,,,29.0,1567.0,21.0,2132.0,3.0,2073.0,2017,2
C12,31.0,21.0,,,12.0,2108.0,8.0,2966.0,1.0,2900.0,2017,2
C13,119.0,72.0,1.0,1400.0,39.0,1657.0,30.0,2122.0,2.0,2925.0,2017,2
C14,744.0,567.0,4.0,1445.0,297.0,1760.0,248.0,2347.0,18.0,3055.0,2017,2
C15,491.0,375.0,8.0,1364.0,251.0,1692.0,110.0,2310.0,6.0,3063.0,2017,2
E01,31.0,24.0,,,18.0,2089.0,6.0,2858.0,,,2017,2
E02,24.0,18.0,,,8.0,1763.0,10.0,2655.0,,,2017,2
E03,7.0,6.0,,,1.0,1450.0,5.0,1960.0,,,2017,2
E04,24.0,18.0,,,9.0,1448.0,9.0,1733.0,,,2017,2
E05,45.0,30.0,,,9.0,1601.0,19.0,1940.0,2.0,1950.0,2017,2
E06,,,,,,,,,,,2017,2
E07,79.0,55.0,,,25.0,1521.0,28.0,1831.0,2.0,1850.0,2017,2
E08,9.0,7.0,,,5.0,1490.0,2.0,1675.0,,,2017,2
E09,208.0,150.0,6.0,1292.0,79.0,1601.0,55.0,1989.0,10.0,2269.0,2017,2
E10,5.0,5.0,,,1.0,1300.0,4.0,1437.0,,,2017,2
E11,10.0,9.0,,,2.0,1538.0,6.0,1679.0,1.0,1750.0,2017,2
W01,98.0,64.0,2.0,1050.0,43.0,1977.0,16.0,2839.0,3.0,2867.0,2017,3
W02,104.0,86.0,1.0,1500.0,53.0,1829.0,32.0,2322.0,,,2017,3
W03,2.0,1.0,,,,,,,1.0,2400.0,2017,3
W04,61.0,45.0,,,21.0,1626.0,24.0,1931.0,,,2017,3
W05,43.0,31.0,,,26.0,1706.0,5.0,1765.0,,,2017,3
W06,397.0,309.0,3.0,1465.0,150.0,1881.0,153.0,2612.0,3.0,3200.0,2017,3
W07,9.0,6.0,,,5.0,2139.0,,,1.0,1750.0,2017,3
W08,167.0,136.0,,,67.0,1763.0,68.0,2178.0,1.0,1850.0,2017,3
W09,9.0,3.0,,,,,3.0,2100.0,,,2017,3
W10,80.0,64.0,,,42.0,1634.0,21.0,1876.0,1.0,1900.0,2017,3
C01,3797.0,2839.0,185.0,1707.0,1717.0,2158.0,870.0,3039.0,67.0,4279.0,2017,3
C02,359.0,226.0,12.0,1694.0,144.0,2338.0,67.0,4289.0,3.0,5775.0,2017,3
C03,69.0,44.0,2.0,1450.0,23.0,2034.0,18.0,2786.0,1.0,3850.0,2017,3
C04,44.0,33.0,,,23.0,1888.0,10.0,2879.0,,,2017,3
C06,30.0,25.0,,,12.0,1758.0,12.0,2165.0,1.0,2750.0,2017,3
C07,396.0,328.0,,,152.0,1935.0,155.0,2481.0,21.0,2898.0,2017,3
C08,1207.0,887.0,69.0,1722.0,528.0,2132.0,284.0,2997.0,6.0,3877.0,2017,3
C09,64.0,51.0,1.0,1600.0,19.0,2129.0,29.0,3138.0,2.0,3425.0,2017,3
C10,159.0,130.0,,,79.0,2044.0,50.0,2908.0,1.0,3560.0,2017,3
C11,55.0,44.0,,,23.0,1689.0,19.0,2088.0,2.0,2000.0,2017,3
C12,21.0,18.0,,,7.0,2169.0,10.0,2986.0,1.0,2600.0,2017,3
C13,98.0,73.0,,,40.0,1699.0,33.0,2196.0,,,2017,3
C14,795.0,668.0,6.0,1549.0,323.0,1859.0,332.0,2499.0,7.0,3143.0,2017,3
C15,595.0,470.0,12.0,1500.0,306.0,1827.0,145.0,2562.0,7.0,2854.0,2017,3
E01,40.0,35.0,4.0,1780.0,20.0,2044.0,11.0,2750.0,,,2017,3
E02,41.0,25.0,1.0,1300.0,8.0,2034.0,15.0,2893.0,1.0,1995.0,2017,3
E03,16.0,13.0,,,7.0,1787.0,5.0,2189.0,1.0,2700.0,2017,3
E04,34.0,20.0,,,11.0,1579.0,8.0,1791.0,1.0,2000.0,2017,3
E05,61.0,45.0,,,21.0,1631.0,15.0,2043.0,9.0,2056.0,2017,3
E06,4.0,2.0,,,2.0,1725.0,,,,,2017,3
E07,105.0,83.0,,,28.0,1643.0,51.0,1894.0,4.0,2025.0,2017,3
E08,13.0,11.0,,,3.0,1597.0,8.0,1803.0,,,2017,3
E09,235.0,193.0,6.0,1366.0,98.0,1665.0,79.0,2113.0,10.0,2553.0,2017,3
E10,6.0,3.0,,,,,2.0,1500.0,1.0,1350.0,2017,3
E11,20.0,15.0,,,6.0,1430.0,9.0,1695.0,,,2017,3
W01,75.0,46.0,,,24.0,1998.0,22.0,2632.0,,,2017,4
W02,65.0,46.0,,,30.0,1912.0,16.0,2471.0,,,2017,4
W03,5.0,3.0,,,,,2.0,2925.0,1.0,2400.0,2017,4
W04,47.0,34.0,,,18.0,1733.0,14.0,2064.0,2.0,2125.0,2017,4
W05,45.0,29.0,2.0,1213.0,16.0,1660.0,8.0,2081.0,3.0,2079.0,2017,4
W06,354.0,200.0,2.0,1675.0,113.0,1895.0,83.0,2642.0,2.0,4150.0,2017,4
W07,7.0,5.0,,,3.0,1915.0,2.0,3100.0,,,2017,4
W08,165.0,123.0,,,73.0,1821.0,49.0,2252.0,1.0,2025.0,2017,4
W09,12.0,5.0,,,1.0,1500.0,2.0,2625.0,2.0,2098.0,2017,4
W10,50.0,38.0,,,14.0,1613.0,24.0,1845.0,,,2017,4
C01,2903.0,1789.0,97.0,1706.0,1112.0,2152.0,532.0,3158.0,48.0,4460.0,2017,4
C02,235.0,100.0,8.0,1806.0,49.0,2662.0,37.0,4343.0,6.0,13925.0,2017,4
C03,49.0,22.0,3.0,1550.0,10.0,1988.0,9.0,2864.0,,,2017,4
C04,36.0,21.0,,,11.0,1993.0,9.0,2721.0,1.0,2250.0,2017,4
C06,34.0,25.0,,,14.0,1723.0,11.0,2193.0,,,2017,4
C07,287.0,195.0,,,84.0,1994.0,100.0,2568.0,11.0,2895.0,2017,4
C08,1009.0,580.0,60.0,1705.0,347.0,2103.0,163.0,3037.0,10.0,3395.0,2017,4
C09,45.0,17.0,,,2.0,2175.0,14.0,3489.0,1.0,3450.0,2017,4
C10,200.0,101.0,1.0,1450.0,64.0,2106.0,35.0,2743.0,1.0,3000.0,2017,4
C11,38.0,26.0,1.0,1495.0,14.0,1642.0,8.0,2144.0,3.0,2050.0,2017,4
C12,20.0,8.0,,,3.0,2250.0,5.0,3090.0,,,2017,4
C13,82.0,50.0,,,29.0,1806.0,20.0,2276.0,1.0,2800.0,2017,4
C14,493.0,359.0,5.0,1565.0,197.0,1925.0,151.0,2541.0,6.0,3042.0,2017,4
C15,454.0,333.0,14.0,1512.0,220.0,1838.0,97.0,2354.0,2.0,1975.0,2017,4
E01,48.0,26.0,,,22.0,2048.0,4.0,2919.0,,,2017,4
E02,41.0,19.0,2.0,1375.0,8.0,1912.0,9.0,2894.0,,,2017,4
E03,12.0,9.0,,,6.0,1463.0,2.0,1988.0,1.0,2800.0,2017,4
E04,33.0,23.0,,,8.0,1500.0,13.0,1754.0,2.0,1800.0,2017,4
E05,50.0,26.0,,,9.0,1714.0,13.0,1989.0,4.0,1838.0,2017,4
E06,4.0,4.0,,,3.0,1608.0,1.0,1850.0,,,2017,4
E07,75.0,48.0,,,20.0,1616.0,22.0,1883.0,6.0,1818.0,2017,4
E08,14.0,9.0,,,4.0,1419.0,5.0,1810.0,,,2017,4
E09,162.0,101.0,2.0,1425.0,62.0,1677.0,34.0,2036.0,3.0,2383.0,2017,4
E10,2.0,2.0,,,1.0,950.0,1.0,1400.0,,,2017,4
E11,15.0,11.0,,,2.0,1490.0,9.0,1783.0,,,2017,4
W01,74.0,43.0,1.0,1900.0,23.0,1987.0,19.0,2687.0,,,2018,1
W02,56.0,44.0,,,26.0,2034.0,14.0,2519.0,4.0,3113.0,2018,1
W03,9.0,5.0,,,2.0,2050.0,3.0,2150.0,,,2018,1
W04,50.0,34.0,1.0,1200.0,22.0,1648.0,10.0,2138.0,1.0,2250.0,2018,1
W05,89.0,68.0,10.0,1395.0,39.0,1730.0,18.0,1974.0,1.0,2100.0,2018,1
W06,383.0,226.0,2.0,1525.0,120.0,1906.0,102.0,2689.0,2.0,6750.0,2018,1
W07,5.0,2.0,,,1.0,1800.0,1.0,2900.0,,,2018,1
W08,233.0,154.0,,,102.0,1845.0,50.0,2259.0,2.0,2150.0,2018,1
W09,7.0,4.0,,,,,3.0,2100.0,1.0,2100.0,2018,1
W10,44.0,30.0,,,24.0,1675.0,5.0,1811.0,1.0,1800.0,2018,1
C01,3064.0,1906.0,118.0,1705.0,1199.0,2189.0,551.0,3222.0,38.0,4687.0,2018,1
C02,265.0,116.0,11.0,1760.0,60.0,2386.0,41.0,4227.0,4.0,5375.0,2018,1
C03,62.0,37.0,1.0,1200.0,20.0,1937.0,15.0,2650.0,1.0,3100.0,2018,1
C04,36.0,22.0,,,14.0,1996.0,7.0,3173.0,1.0,5750.0,2018,1
C06,33.0,19.0,,,14.0,1739.0,5.0,2130.0,,,2018,1
C07,318.0,180.0,1.0,1600.0,79.0,2050.0,86.0,2538.0,14.0,2683.0,2018,1
C08,1289.0,739.0,74.0,1664.0,438.0,2107.0,224.0,3028.0,3.0,3817.0,2018,1
C09,57.0,31.0,,,18.0,2155.0,11.0,3045.0,2.0,7525.0,2018,1
C10,285.0,158.0,2.0,1625.0,94.0,2019.0,62.0,2822.0,,,2018,1
C11,58.0,39.0,,,23.0,1726.0,12.0,2140.0,4.0,1974.0,2018,1
C12,26.0,10.0,,,5.0,2260.0,5.0,3180.0,,,2018,1
C13,98.0,45.0,,,28.0,1836.0,16.0,2428.0,1.0,2100.0,2018,1
C14,552.0,352.0,6.0,1571.0,192.0,1921.0,148.0,2528.0,6.0,3080.0,2018,1
C15,429.0,298.0,4.0,1550.0,211.0,1856.0,79.0,2357.0,4.0,2213.0,2018,1
E01,42.0,31.0,1.0,1650.0,24.0,2106.0,5.0,2830.0,1.0,3700.0,2018,1
E02,30.0,19.0,1.0,1500.0,9.0,1958.0,9.0,2305.0,,,2018,1
E03,12.0,6.0,,,2.0,1700.0,4.0,2270.0,,,2018,1
E04,26.0,18.0,,,6.0,1621.0,11.0,1836.0,1.0,1900.0,2018,1
E05,75.0,41.0,,,15.0,1733.0,19.0,2049.0,7.0,1921.0,2018,1
E06,1.0,,,,,,,,,,2018,1
E07,78.0,59.0,,,23.0,1681.0,32.0,1892.0,4.0,1970.0,2018,1
E08,10.0,9.0,1.0,1200.0,4.0,1638.0,4.0,1994.0,,,2018,1
E09,167.0,109.0,5.0,1465.0,63.0,1735.0,38.0,2050.0,3.0,2500.0,2018,1
E10,2.0,,,,,,,,,,2018,1
E11,18.0,12.0,,,4.0,1500.0,7.0,1650.0,1.0,2100.0,2018,1
W01,76.0,51.0,2.0,1350.0,30.0,2030.0,17.0,2938.0,2.0,4250.0,2018,2
W02,52.0,39.0,1.0,1650.0,24.0,1983.0,11.0,2655.0,3.0,3367.0,2018,2
W03,5.0,2.0,,,2.0,2000.0,,,,,2018,2
W04,69.0,36.0,,,22.0,1786.0,13.0,2185.0,1.0,1750.0,2018,2
W05,72.0,56.0,1.0,1325.0,38.0,1802.0,13.0,2321.0,4.0,2150.0,2018,2
W06,499.0,318.0,4.0,1520.0,172.0,1964.0,141.0,2769.0,1.0,3850.0,2018,2
W07,4.0,3.0,,,2.0,1748.0,1.0,2500.0,,,2018,2
W08,324.0,229.0,,,149.0,1862.0,75.0,2434.0,5.0,2500.0,2018,2
W09,12.0,7.0,,,1.0,1750.0,3.0,2100.0,3.0,2233.0,2018,2
W10,44.0,29.0,,,15.0,1722.0,14.0,1955.0,,,2018,2
C01,3486.0,2534.0,168.0,1780.0,1534.0,2248.0,782.0,3239.0,50.0,4298.0,2018,2
C02,330.0,181.0,12.0,1781.0,105.0,2390.0,59.0,4345.0,5.0,11530.0,2018,2
C03,84.0,61.0,9.0,1441.0,23.0,2020.0,29.0,2793.0,,,2018,2
C04,42.0,29.0,1.0,1500.0,12.0,2414.0,12.0,3070.0,4.0,3550.0,2018,2
C06,51.0,37.0,,,22.0,1842.0,15.0,2199.0,,,2018,2
C07,402.0,290.0,1.0,1550.0,132.0,2021.0,144.0,2594.0,13.0,2853.0,2018,2
C08,1466.0,1058.0,84.0,1751.0,636.0,2232.0,332.0,3203.0,6.0,5283.0,2018,2
C09,67.0,46.0,,,17.0,2330.0,27.0,3319.0,2.0,3575.0,2018,2
C10,378.0,272.0,8.0,1681.0,177.0,2089.0,87.0,3206.0,,,2018,2
C11,86.0,56.0,,,31.0,1760.0,22.0,2345.0,3.0,2000.0,2018,2
C12,37.0,23.0,,,10.0,2177.0,13.0,3669.0,,,2018,2
C13,120.0,92.0,3.0,1733.0,46.0,1843.0,40.0,2280.0,3.0,2915.0,2018,2
C14,695.0,492.0,4.0,1575.0,267.0,1974.0,216.0,2570.0,5.0,3326.0,2018,2
C15,567.0,400.0,14.0,1525.0,277.0,1880.0,106.0,2409.0,3.0,2333.0,2018,2
E01,40.0,34.0,1.0,1650.0,25.0,2275.0,8.0,3463.0,,,2018,2
E02,43.0,22.0,1.0,175.0,9.0,2019.0,11.0,2654.0,1.0,5700.0,2018,2
E03,22.0,14.0,1.0,1150.0,6.0,1783.0,7.0,2020.0,,,2018,2
E04,26.0,17.0,,,8.0,1659.0,8.0,1969.0,1.0,2400.0,2018,2
E05,75.0,50.0,,,19.0,1730.0,30.0,2079.0,1.0,2225.0,2018,2
E06,7.0,3.0,,,2.0,1750.0,1.0,2250.0,,,2018,2
E07,83.0,63.0,,,29.0,1694.0,31.0,2001.0,3.0,1967.0,2018,2
E08,3.0,2.0,,,,,2.0,1990.0,,,2018,2
E09,202.0,160.0,4.0,1493.0,74.0,1777.0,68.0,2179.0,14.0,2529.0,2018,2
E10,3.0,2.0,,,1.0,1700.0,1.0,1600.0,,,2018,2
E11,15.0,13.0,,,5.0,1588.0,8.0,1853.0,,,2018,2
W01,89.0,59.0,,,38.0,2182.0,18.0,2908.0,3.0,4000.0,2018,3
W02,87.0,62.0,5.0,1660.0,41.0,2055.0,16.0,2786.0,,,2018,3
W03,7.0,6.0,,,2.0,1888.0,4.0,2400.0,,,2018,3
W04,102.0,80.0,1.0,1250.0,43.0,1835.0,28.0,2313.0,8.0,2613.0,2018,3
W05,51.0,44.0,3.0,1425.0,26.0,1886.0,15.0,2226.0,,,2018,3
W06,502.0,384.0,6.0,1655.0,205.0,2056.0,169.0,2734.0,4.0,3588.0,2018,3
W07,8.0,5.0,,,4.0,2350.0,1.0,5000.0,,,2018,3
W08,283.0,216.0,,,130.0,1934.0,84.0,2477.0,2.0,2425.0,2018,3
W09,14.0,9.0,,,3.0,1800.0,5.0,2025.0,1.0,2300.0,2018,3
W10,52.0,40.0,,,22.0,1812.0,18.0,2033.0,,,2018,3
C01,3845.0,2727.0,176.0,1912.0,1744.0,2377.0,760.0,3331.0,47.0,4356.0,2018,3
C02,378.0,237.0,18.0,1933.0,137.0,2434.0,81.0,4461.0,1.0,11500.0,2018,3
C03,60.0,45.0,1.0,1600.0,27.0,2088.0,17.0,3054.0,,,2018,3
C04,38.0,24.0,3.0,1508.0,10.0,2067.0,10.0,3131.0,1.0,3100.0,2018,3
C06,44.0,36.0,,,14.0,1884.0,20.0,2431.0,2.0,3175.0,2018,3
C07,412.0,327.0,,,156.0,2146.0,151.0,2724.0,20.0,3142.0,2018,3
C08,1651.0,1105.0,129.0,1870.0,661.0,2363.0,307.0,3250.0,8.0,4625.0,2018,3
C09,66.0,46.0,,,19.0,2361.0,26.0,3343.0,1.0,4250.0,2018,3
C10,252.0,184.0,2.0,1875.0,116.0,2223.0,65.0,3052.0,1.0,2820.0,2018,3
C11,70.0,48.0,,,22.0,1840.0,22.0,2377.0,4.0,2275.0,2018,3
C12,18.0,14.0,,,4.0,2338.0,10.0,3465.0,,,2018,3
C13,105.0,77.0,1.0,1900.0,41.0,1987.0,33.0,2445.0,2.0,2875.0,2018,3
C14,862.0,696.0,9.0,1722.0,342.0,2059.0,329.0,2695.0,16.0,3294.0,2018,3
C15,608.0,470.0,13.0,1670.0,318.0,1994.0,131.0,2533.0,8.0,2630.0,2018,3
E01,44.0,30.0,2.0,1900.0,21.0,2390.0,7.0,3156.0,,,2018,3
E02,32.0,19.0,2.0,1480.0,11.0,2112.0,6.0,2424.0,,,2018,3
E03,11.0,6.0,,,5.0,2025.0,1.0,2950.0,,,2018,3
E04,36.0,29.0,,,15.0,1749.0,12.0,1977.0,2.0,1740.0,2018,3
E05,62.0,52.0,,,12.0,1870.0,32.0,2214.0,8.0,2375.0,2018,3
E06,15.0,8.0,1.0,1325.0,4.0,1763.0,3.0,2325.0,,,2018,3
E07,133.0,109.0,,,43.0,1774.0,60.0,2125.0,6.0,2304.0,2018,3
E08,15.0,8.0,,,5.0,1640.0,3.0,2317.0,,,2018,3
E09,208.0,178.0,3.0,1592.0,109.0,1942.0,60.0,2360.0,6.0,2733.0,2018,3
E10,4.0,4.0,,,,,4.0,1800.0,,,2018,3
E11,10.0,8.0,,,5.0,1650.0,3.0,1867.0,,,2018,3
W01,85.0,55.0,2.0,1450.0,37.0,2121.0,14.0,2780.0,2.0,4350.0,2018,4
W02,96.0,48.0,,,35.0,2162.0,13.0,2887.0,,,2018,4
W03,4.0,2.0,,,1.0,1900.0,,,1.0,2700.0,2018,4
W04,122.0,78.0,3.0,1617.0,56.0,1882.0,18.0,2279.0,1.0,3350.0,2018,4
W05,37.0,29.0,,,18.0,1957.0,10.0,2055.0,1.0,2000.0,2018,4
W06,405.0,231.0,,,148.0,2093.0,83.0,2885.0,,,2018,4
W07,7.0,6.0,,,3.0,2442.0,3.0,3050.0,,,2018,4
W08,268.0,181.0,,,109.0,1957.0,70.0,2427.0,2.0,2625.0,2018,4
W09,13.0,6.0,,,2.0,1750.0,4.0,2675.0,,,2018,4
W10,41.0,30.0,,,13.0,1777.0,16.0,2131.0,1.0,1850.0,2018,4
C01,3330.0,1727.0,99.0,1877.0,1152.0,2319.0,443.0,3312.0,33.0,4330.0,2018,4
C02,294.0,124.0,4.0,1913.0,61.0,2508.0,55.0,4063.0,4.0,5486.0,2018,4
C03,66.0,31.0,2.0,1650.0,16.0,2131.0,12.0,2848.0,1.0,2500.0,2018,4
C04,68.0,34.0,,,14.0,2028.0,18.0,2600.0,2.0,2948.0,2018,4
C06,43.0,29.0,,,10.0,1965.0,18.0,2369.0,1.0,3100.0,2018,4
C07,293.0,191.0,,,83.0,2176.0,95.0,2812.0,13.0,3242.0,2018,4
C08,1555.0,770.0,69.0,1866.0,519.0,2238.0,178.0,3111.0,4.0,4669.0,2018,4
C09,49.0,25.0,,,11.0,2302.0,11.0,4141.0,3.0,4600.0,2018,4
C10,249.0,121.0,1.0,1700.0,82.0,2209.0,38.0,2989.0,,,2018,4
C11,60.0,32.0,,,16.0,1833.0,14.0,2683.0,2.0,2325.0,2018,4
C12,19.0,9.0,,,1.0,2350.0,7.0,3404.0,1.0,3150.0,2018,4
C13,91.0,58.0,2.0,1690.0,28.0,1996.0,28.0,2404.0,,,2018,4
C14,572.0,370.0,2.0,1800.0,206.0,2124.0,156.0,2717.0,6.0,3017.0,2018,4
C15,550.0,346.0,10.0,1676.0,242.0,2031.0,90.0,2618.0,4.0,3113.0,2018,4
E01,49.0,30.0,,,22.0,2271.0,7.0,2835.0,1.0,5000.0,2018,4
E02,25.0,19.0,3.0,1498.0,12.0,2266.0,4.0,2750.0,,,2018,4
E03,14.0,6.0,,,4.0,1769.0,2.0,2125.0,,,2018,4
E04,22.0,14.0,,,5.0,1874.0,8.0,1978.0,1.0,2200.0,2018,4
E05,37.0,27.0,,,10.0,1803.0,13.0,2262.0,4.0,2395.0,2018,4
E06,18.0,9.0,1.0,1400.0,4.0,1850.0,3.0,2017.0,1.0,3800.0,2018,4
E07,85.0,57.0,,,28.0,1799.0,28.0,2089.0,1.0,2150.0,2018,4
E08,22.0,15.0,,,6.0,1817.0,6.0,2088.0,3.0,2083.0,2018,4
E09,129.0,97.0,3.0,1618.0,61.0,1923.0,33.0,2207.0,,,2018,4
E10,,,,,,,,,,,2018,4
E11,11.0,6.0,,,2.0,1675.0,4.0,1925.0,,,2018,4
W01,84.0,47.0,1.0,1600.0,31.0,2234.0,15.0,3257.0,,,2019,1
W02,117.0,65.0,,,42.0,2068.0,22.0,3084.0,1.0,3500.0,2019,1
W03,10.0,5.0,,,4.0,1975.0,1.0,2300.0,,,2019,1
W04,140.0,92.0,2.0,1700.0,54.0,1879.0,35.0,2316.0,1.0,3100.0,2019,1
W05,46.0,31.0,,,19.0,1874.0,11.0,2209.0,1.0,2200.0,2019,1
W06,517.0,281.0,2.0,1600.0,169.0,2069.0,109.0,2891.0,1.0,7500.0,2019,1
W07,4.0,1.0,,,,,1.0,2100.0,,,2019,1
W08,252.0,148.0,1.0,1800.0,87.0,1967.0,54.0,2394.0,6.0,2624.0,2019,1
W09,17.0,7.0,,,2.0,1825.0,4.0,2436.0,1.0,2549.0,2019,1
W10,38.0,20.0,,,10.0,1871.0,10.0,2098.0,,,2019,1
C01,3959.0,1990.0,154.0,1831.0,1247.0,2326.0,554.0,3304.0,35.0,5205.0,2019,1
C02,312.0,124.0,7.0,1981.0,57.0,2564.0,57.0,4684.0,3.0,4967.0,2019,1
C03,135.0,61.0,1.0,1725.0,52.0,2072.0,8.0,2763.0,,,2019,1
C04,59.0,19.0,,,7.0,2117.0,10.0,2990.0,2.0,2875.0,2019,1
C06,39.0,27.0,,,12.0,1900.0,14.0,2346.0,1.0,3300.0,2019,1
C07,368.0,178.0,,,85.0,2126.0,86.0,2778.0,7.0,2764.0,2019,1
C08,1994.0,1029.0,71.0,1828.0,635.0,2156.0,311.0,2957.0,12.0,3838.0,2019,1
C09,68.0,26.0,,,14.0,2393.0,12.0,3067.0,,,2019,1
C10,479.0,201.0,6.0,1713.0,124.0,2143.0,66.0,2886.0,5.0,4375.0,2019,1
C11,58.0,36.0,,,18.0,1866.0,16.0,2327.0,2.0,2400.0,2019,1
C12,27.0,13.0,,,6.0,2329.0,7.0,3164.0,,,2019,1
C13,117.0,59.0,,,37.0,2004.0,22.0,2534.0,,,2019,1
C14,572.0,331.0,6.0,1771.0,179.0,2127.0,140.0,2710.0,6.0,3349.0,2019,1
C15,491.0,306.0,3.0,1767.0,200.0,2042.0,101.0,2525.0,2.0,3950.0,2019,1
E01,42.0,29.0,1.0,1900.0,20.0,2340.0,8.0,3062.0,,,2019,1
E02,34.0,13.0,1.0,1550.0,6.0,2097.0,6.0,3067.0,,,2019,1
E03,10.0,6.0,,,1.0,1800.0,5.0,2110.0,,,2019,1
E04,32.0,26.0,,,18.0,1765.0,6.0,2170.0,2.0,2365.0,2019,1
E05,43.0,31.0,,,12.0,1893.0,18.0,2244.0,1.0,2500.0,2019,1
E06,8.0,3.0,,,3.0,1980.0,,,,,2019,1
E07,69.0,45.0,,,20.0,1759.0,23.0,2092.0,2.0,2150.0,2019,1
E08,23.0,11.0,,,4.0,1619.0,6.0,2016.0,1.0,2300.0,2019,1
E09,145.0,104.0,3.0,1617.0,57.0,1934.0,40.0,2365.0,4.0,2763.0,2019,1
E10,5.0,3.0,,,1.0,1250.0,2.0,1938.0,,,2019,1
E11,18.0,15.0,,,5.0,1610.0,9.0,1953.0,1.0,2000.0,2019,1
W01,103.0,63.0,3.0,1800.0,40.0,2170.0,17.0,2816.0,3.0,3500.0,2019,2
W02,103.0,60.0,2.0,1750.0,36.0,2235.0,21.0,2745.0,1.0,2850.0,2019,2
W03,9.0,7.0,,,,,4.0,2531.0,3.0,2667.0,2019,2
W04,151.0,111.0,2.0,1763.0,56.0,1874.0,45.0,2353.0,8.0,2525.0,2019,2
W05,55.0,43.0,3.0,1467.0,27.0,1939.0,13.0,2408.0,,,2019,2
W06,612.0,367.0,1.0,1750.0,232.0,2119.0,131.0,2786.0,3.0,4200.0,2019,2
W07,14.0,11.0,,,5.0,2090.0,4.0,2571.0,2.0,3675.0,2019,2
W08,262.0,186.0,1.0,1800.0,108.0,2054.0,71.0,2599.0,6.0,2700.0,2019,2
W09,20.0,10.0,,,3.0,1800.0,5.0,2370.0,2.0,2518.0,2019,2
W10,40.0,31.0,,,16.0,1929.0,15.0,2209.0,,,2019,2
C01,4517.0,2768.0,204.0,1865.0,1723.0,2359.0,771.0,3363.0,70.0,4888.0,2019,2
C02,392.0,189.0,12.0,1833.0,99.0,2514.0,77.0,4474.0,1.0,9200.0,2019,2
C03,180.0,121.0,2.0,1548.0,74.0,2103.0,44.0,2776.0,1.0,4250.0,2019,2
C04,68.0,41.0,,,17.0,2461.0,20.0,3010.0,4.0,2988.0,2019,2
C06,51.0,32.0,,,18.0,1969.0,14.0,2378.0,,,2019,2
C07,557.0,370.0,1.0,2250.0,178.0,2169.0,177.0,2680.0,14.0,2904.0,2019,2
C08,2323.0,1439.0,114.0,1832.0,837.0,2275.0,472.0,3075.0,16.0,3883.0,2019,2
C09,89.0,55.0,,,19.0,2426.0,30.0,3547.0,6.0,5779.0,2019,2
C10,684.0,477.0,26.0,1674.0,333.0,2125.0,116.0,2967.0,2.0,3150.0,2019,2
C11,64.0,42.0,,,19.0,1913.0,17.0,2489.0,6.0,2615.0,2019,2
C12,29.0,16.0,,,8.0,2444.0,8.0,3523.0,,,2019,2
C13,147.0,93.0,1.0,1700.0,51.0,2021.0,36.0,2540.0,5.0,2489.0,2019,2
C14,849.0,517.0,7.0,1732.0,280.0,2128.0,214.0,2710.0,16.0,3469.0,2019,2
C15,881.0,545.0,15.0,1746.0,363.0,2038.0,153.0,2539.0,14.0,3256.0,2019,2
E01,157.0,65.0,2.0,1772.0,42.0,2257.0,21.0,2783.0,,,2019,2
E02,52.0,28.0,,,18.0,2153.0,10.0,2745.0,,,2019,2
E03,25.0,7.0,,,4.0,2112.0,3.0,2100.0,,,2019,2
E04,30.0,22.0,,,9.0,1811.0,13.0,2079.0,,,2019,2
E05,63.0,49.0,,,19.0,1941.0,25.0,2237.0,5.0,2310.0,2019,2
E06,21.0,13.0,,,5.0,1820.0,7.0,2450.0,1.0,2450.0,2019,2
E07,87.0,67.0,,,35.0,1880.0,31.0,2200.0,1.0,2400.0,2019,2
E08,23.0,15.0,,,3.0,1800.0,10.0,2105.0,2.0,2350.0,2019,2
E09,218.0,157.0,4.0,1600.0,75.0,1957.0,68.0,2454.0,10.0,2975.0,2019,2
E10,3.0,2.0,,,1.0,1550.0,1.0,1850.0,,,2019,2
E11,14.0,11.0,,,5.0,1755.0,6.0,2125.0,,,2019,2
W01,104.0,59.0,1.0,2100.0,36.0,2276.0,21.0,3028.0,1.0,3300.0,2019,3
W02,105.0,62.0,2.0,1875.0,41.0,2168.0,18.0,3065.0,1.0,2900.0,2019,3
W03,9.0,5.0,1.0,1300.0,2.0,1865.0,,,2.0,2800.0,2019,3
W04,109.0,80.0,2.0,1650.0,48.0,2003.0,26.0,2442.0,4.0,2840.0,2019,3
W05,53.0,38.0,4.0,1413.0,19.0,2083.0,15.0,2383.0,,,2019,3
W06,684.0,413.0,2.0,1725.0,241.0,2175.0,163.0,2832.0,7.0,4507.0,2019,3
W07,9.0,7.0,,,5.0,2330.0,2.0,2500.0,,,2019,3
W08,278.0,204.0,1.0,1700.0,128.0,2098.0,71.0,2584.0,4.0,2863.0,2019,3
W09,11.0,7.0,,,1.0,1950.0,6.0,2408.0,,,2019,3
W10,51.0,39.0,,,23.0,1908.0,16.0,2242.0,,,2019,3
C01,4931.0,3133.0,213.0,1958.0,2015.0,2417.0,842.0,3443.0,63.0,4788.0,2019,3
C02,474.0,224.0,17.0,1957.0,126.0,2590.0,80.0,4424.0,1.0,6050.0,2019,3
C03,142.0,92.0,4.0,1562.0,40.0,2116.0,41.0,2985.0,7.0,4979.0,2019,3
C04,59.0,32.0,3.0,1692.0,15.0,2236.0,11.0,3445.0,3.0,3940.0,2019,3
C06,50.0,32.0,,,16.0,2058.0,15.0,2460.0,1.0,3300.0,2019,3
C07,503.0,357.0,1.0,1660.0,162.0,2265.0,173.0,2818.0,21.0,3224.0,2019,3
C08,2372.0,1551.0,161.0,1952.0,960.0,2378.0,408.0,3218.0,22.0,4466.0,2019,3
C09,79.0,45.0,,,17.0,2802.0,28.0,3617.0,,,2019,3
C10,468.0,299.0,5.0,1850.0,183.0,2243.0,109.0,3016.0,2.0,4225.0,2019,3
C11,72.0,48.0,,,30.0,1948.0,18.0,2421.0,,,2019,3
C12,31.0,18.0,,,8.0,2453.0,10.0,3250.0,,,2019,3
C13,136.0,89.0,1.0,1800.0,43.0,2084.0,41.0,2560.0,4.0,2950.0,2019,3
C14,1033.0,757.0,11.0,1823.0,390.0,2191.0,346.0,2792.0,10.0,3620.0,2019,3
C15,966.0,702.0,19.0,1752.0,469.0,2110.0,203.0,2631.0,11.0,3776.0,2019,3
E01,176.0,129.0,3.0,2300.0,87.0,2267.0,39.0,2838.0,,,2019,3
E02,51.0,30.0,,,15.0,2222.0,15.0,2787.0,,,2019,3
E03,27.0,11.0,,,3.0,1950.0,7.0,2443.0,1.0,2450.0,2019,3
E04,35.0,23.0,,,11.0,1895.0,11.0,2223.0,1.0,2400.0,2019,3
E05,63.0,43.0,,,6.0,2033.0,31.0,2316.0,6.0,2542.0,2019,3
E06,23.0,18.0,1.0,1450.0,13.0,1913.0,4.0,2300.0,,,2019,3
E07,136.0,93.0,,,46.0,1907.0,43.0,2309.0,4.0,2289.0,2019,3
E08,29.0,20.0,,,7.0,1923.0,12.0,2181.0,1.0,2450.0,2019,3
E09,292.0,212.0,9.0,1742.0,113.0,2021.0,80.0,2591.0,10.0,3010.0,2019,3
E10,2.0,1.0,,,,,1.0,2100.0,,,2019,3
E11,15.0,9.0,,,2.0,1923.0,6.0,2200.0,1.0,2400.0,2019,3
W01,115.0,64.0,1.0,1850.0,46.0,2266.0,14.0,3462.0,3.0,4917.0,2019,4
W02,95.0,55.0,2.0,1700.0,37.0,2231.0,12.0,2866.0,4.0,3900.0,2019,4
W03,11.0,8.0,,,6.0,2042.0,1.0,2400.0,1.0,2700.0,2019,4
W04,106.0,52.0,1.0,1800.0,29.0,2003.0,19.0,2424.0,3.0,2517.0,2019,4
W05,65.0,38.0,2.0,1500.0,21.0,2045.0,14.0,2309.0,1.0,2600.0,2019,4
W06,677.0,295.0,3.0,1700.0,162.0,2184.0,128.0,2794.0,2.0,3225.0,2019,4
W07,10.0,4.0,,,1.0,1850.0,3.0,2450.0,,,2019,4
W08,273.0,142.0,,,82.0,2112.0,59.0,2736.0,1.0,2600.0,2019,4
W09,21.0,10.0,,,3.0,2067.0,6.0,2507.0,1.0,2200.0,2019,4
W10,49.0,28.0,,,22.0,2022.0,6.0,2350.0,,,2019,4
C01,4431.0,1872.0,128.0,1909.0,1262.0,2343.0,454.0,3306.0,28.0,4358.0,2019,4
C02,407.0,137.0,7.0,1921.0,86.0,2504.0,43.0,5900.0,1.0,5000.0,2019,4
C03,127.0,57.0,3.0,1583.0,28.0,2150.0,25.0,2910.0,1.0,3600.0,2019,4
C04,57.0,27.0,,,12.0,2097.0,14.0,3246.0,1.0,2450.0,2019,4
C06,67.0,37.0,,,22.0,2051.0,13.0,2453.0,2.0,3225.0,2019,4
C07,382.0,213.0,,,95.0,2215.0,101.0,2759.0,17.0,3174.0,2019,4
C08,1837.0,777.0,72.0,1913.0,518.0,2311.0,182.0,3151.0,5.0,4110.0,2019,4
C09,77.0,30.0,,,17.0,2835.0,12.0,4066.0,1.0,7155.0,2019,4
C10,449.0,205.0,3.0,1850.0,142.0,2196.0,58.0,2982.0,2.0,3900.0,2019,4
C11,68.0,27.0,,,11.0,1921.0,14.0,2484.0,2.0,2475.0,2019,4
C12,24.0,6.0,,,5.0,2550.0,1.0,2850.0,,,2019,4
C13,131.0,64.0,2.0,1813.0,30.0,2066.0,30.0,2478.0,2.0,2700.0,2019,4
C14,760.0,400.0,6.0,1852.0,217.0,2186.0,170.0,2734.0,7.0,3386.0,2019,4
C15,674.0,378.0,10.0,1790.0,269.0,2108.0,95.0,2642.0,4.0,2813.0,2019,4
E01,227.0,148.0,2.0,1775.0,94.0,2113.0,50.0,2775.0,2.0,3550.0,2019,4
E02,35.0,18.0,,,9.0,2177.0,8.0,3106.0,1.0,4950.0,2019,4
E03,23.0,7.0,,,4.0,2019.0,3.0,2420.0,,,2019,4
E04,55.0,26.0,,,15.0,1888.0,10.0,2150.0,1.0,2400.0,2019,4
E05,57.0,37.0,,,16.0,1875.0,16.0,2311.0,5.0,2440.0,2019,4
E06,24.0,13.0,1.0,1325.0,5.0,1925.0,7.0,2529.0,,,2019,4
E07,145.0,60.0,,,27.0,1868.0,32.0,2185.0,1.0,2400.0,2019,4
E08,30.0,12.0,1.0,1600.0,5.0,1829.0,5.0,2265.0,1.0,2200.0,2019,4
E09,252.0,129.0,3.0,1627.0,73.0,1971.0,47.0,2345.0,6.0,2653.0,2019,4
E10,7.0,4.0,,,,,1.0,2100.0,3.0,2067.0,2019,4
E11,29.0,15.0,,,6.0,1772.0,9.0,2167.0,,,2019,4
W01,111.0,61.0,2.0,1725.0,39.0,2173.0,19.0,2772.0,1.0,7.0,2020,1
W02,86.0,48.0,4.0,1767.0,27.0,2206.0,15.0,2987.0,2.0,3.0,2020,1
W03,8.0,1.0,,,1.0,2050.0,,,,,2020,1
W04,119.0,62.0,1.0,1500.0,35.0,1949.0,25.0,2391.0,1.0,2.0,2020,1
W05,47.0,28.0,1.0,1700.0,15.0,1963.0,9.0,2214.0,3.0,2.0,2020,1
W06,709.0,349.0,2.0,1775.0,209.0,2138.0,136.0,2904.0,2.0,4.0,2020,1
W07,9.0,11.0,,,5.0,2010.0,6.0,2900.0,,,2020,1
W08,306.0,156.0,,,82.0,2072.0,73.0,2607.0,1.0,2.0,2020,1
W09,14.0,10.0,,,1.0,2050.0,6.0,2524.0,3.0,2.0,2020,1
W10,60.0,30.0,,,15.0,1932.0,15.0,2273.0,,,2020,1
C01,5360.0,2127.0,147.0,1866.0,1386.0,2324.0,547.0,3319.0,47.0,4.0,2020,1
C02,458.0,133.0,8.0,1873.0,83.0,2515.0,41.0,4438.0,1.0,4.0,2020,1
C03,115.0,45.0,1.0,1600.0,29.0,2117.0,12.0,2978.0,3.0,4.0,2020,1
C04,56.0,24.0,1.0,1700.0,9.0,2133.0,12.0,2971.0,2.0,3.0,2020,1
C06,56.0,38.0,,,20.0,1979.0,17.0,2394.0,1.0,2.0,2020,1
C07,372.0,162.0,,,78.0,2204.0,74.0,2813.0,10.0,3.0,2020,1
C08,2191.0,948.0,95.0,1861.0,613.0,2232.0,225.0,3054.0,15.0,4.0,2020,1
C09,100.0,31.0,,,14.0,2878.0,16.0,3712.0,1.0,3.0,2020,1
C10,502.0,212.0,8.0,1738.0,139.0,2203.0,64.0,2838.0,1.0,3.0,2020,1
C11,147.0,54.0,2.0,1550.0,23.0,1909.0,19.0,2463.0,10.0,2.0,2020,1
C12,23.0,9.0,,,2.0,2440.0,7.0,3129.0,,,2020,1
C13,144.0,61.0,1.0,1900.0,36.0,2038.0,20.0,2474.0,4.0,2.0,2020,1
C14,779.0,377.0,4.0,1756.0,217.0,2133.0,150.0,2712.0,6.0,3.0,2020,1
C15,697.0,389.0,6.0,1758.0,259.0,2078.0,116.0,2572.0,8.0,2.0,2020,1
E01,197.0,96.0,2.0,2758.0,60.0,2270.0,31.0,2592.0,3.0,3.0,2020,1
E02,27.0,11.0,,,8.0,2340.0,3.0,2383.0,,,2020,1
E03,16.0,5.0,,,4.0,1838.0,1.0,2500.0,,,2020,1
E04,59.0,25.0,,,12.0,1699.0,13.0,2222.0,,,2020,1
E05,48.0,32.0,,,12.0,1977.0,17.0,2292.0,3.0,2.0,2020,1
E06,21.0,7.0,,,3.0,2017.0,4.0,2263.0,,,2020,1
E07,212.0,103.0,,,59.0,1868.0,41.0,2133.0,3.0,2.0,2020,1
E08,30.0,12.0,,,1.0,1800.0,11.0,2168.0,,,2020,1
E09,232.0,124.0,6.0,1669.0,61.0,1973.0,55.0,2359.0,2.0,2.0,2020,1
E10,4.0,1.0,,,,,1.0,1700.0,,,2020,1
E11,33.0,12.0,,,4.0,1819.0,7.0,1986.0,1.0,2.0,2020,1
W01,111.0,43.0,3.0,1766.0,23.0,2267.0,16.0,3041.0,1.0,6600.0,2020,2
W02,115.0,49.0,3.0,1542.0,27.0,2104.0,18.0,2783.0,1.0,5500.0,2020,2
W03,10.0,4.0,,,,,4.0,2438.0,,,2020,2
W04,151.0,42.0,5.0,1650.0,18.0,2021.0,15.0,2395.0,4.0,2781.0,2020,2
W05,67.0,32.0,2.0,1475.0,17.0,2040.0,11.0,2264.0,2.0,2975.0,2020,2
W06,725.0,305.0,2.0,1700.0,177.0,2123.0,123.0,2840.0,3.0,3858.0,2020,2
W07,7.0,3.0,,,3.0,1967.0,,,,,2020,2
W08,349.0,133.0,,,74.0,1978.0,57.0,2560.0,2.0,2850.0,2020,2
W09,14.0,4.0,,,2.0,1800.0,2.0,2150.0,,,2020,2
W10,55.0,30.0,,,10.0,1943.0,18.0,2197.0,2.0,2375.0,2020,2
C01,8152.0,2391.0,170.0,1696.0,1471.0,2179.0,676.0,3002.0,74.0,3959.0,2020,2
C02,736.0,163.0,4.0,1810.0,96.0,2303.0,58.0,4124.0,5.0,4940.0,2020,2
C03,200.0,57.0,5.0,1575.0,29.0,2083.0,17.0,2931.0,6.0,3654.0,2020,2
C04,65.0,23.0,1.0,1650.0,8.0,2091.0,13.0,3113.0,1.0,3500.0,2020,2
C06,54.0,20.0,,,12.0,1948.0,7.0,2414.0,1.0,3600.0,2020,2
C07,518.0,175.0,,,77.0,2118.0,83.0,2645.0,15.0,3076.0,2020,2
C08,3317.0,997.0,121.0,1649.0,593.0,2086.0,266.0,2781.0,17.0,3276.0,2020,2
C09,113.0,42.0,1.0,1795.0,18.0,2259.0,21.0,3936.0,2.0,3450.0,2020,2
C10,820.0,242.0,12.0,1604.0,143.0,2038.0,85.0,2727.0,2.0,3300.0,2020,2
C11,359.0,190.0,8.0,1458.0,90.0,1822.0,82.0,2157.0,10.0,2493.0,2020,2
C12,36.0,12.0,,,2.0,2460.0,10.0,3238.0,,,2020,2
C13,153.0,65.0,,,32.0,1970.0,28.0,2524.0,5.0,2650.0,2020,2
C14,890.0,263.0,3.0,1733.0,141.0,2048.0,112.0,2652.0,7.0,3457.0,2020,2
C15,758.0,296.0,4.0,1739.0,188.0,2021.0,96.0,2500.0,8.0,3207.0,2020,2
E01,240.0,134.0,5.0,1560.0,67.0,2031.0,59.0,2378.0,3.0,3625.0,2020,2
E02,66.0,24.0,4.0,1463.0,9.0,2207.0,10.0,2813.0,1.0,5550.0,2020,2
E03,26.0,5.0,,,3.0,1825.0,2.0,3300.0,,,2020,2
E04,51.0,26.0,,,17.0,1830.0,8.0,2189.0,1.0,2350.0,2020,2
E05,60.0,22.0,,,7.0,1836.0,12.0,2325.0,3.0,2500.0,2020,2
E06,24.0,10.0,,,4.0,1825.0,6.0,2247.0,,,2020,2
E07,116.0,64.0,,,26.0,1850.0,33.0,2181.0,5.0,2240.0,2020,2
E08,27.0,6.0,,,2.0,1995.0,4.0,2163.0,,,2020,2
E09,243.0,87.0,5.0,1681.0,46.0,1919.0,34.0,2414.0,2.0,2975.0,2020,2
E10,7.0,3.0,,,1.0,1800.0,2.0,2000.0,,,2020,2
E11,39.0,24.0,,,5.0,1540.0,17.0,2115.0,2.0,2460.0,2020,2
W01,183.0,87.0,1.0,1000.0,56.0,2099.0,26.0,2977.0,4.0,4288.0,2020,3
W02,180.0,79.0,2.0,1625.0,48.0,2022.0,28.0,2804.0,1.0,2580.0,2020,3
W03,41.0,27.0,1.0,1300.0,16.0,1836.0,5.0,2285.0,5.0,2735.0,2020,3
W04,230.0,91.0,2.0,1475.0,44.0,1854.0,39.0,2289.0,6.0,2575.0,2020,3
W05,86.0,40.0,5.0,1560.0,24.0,1911.0,11.0,2245.0,,,2020,3
W06,919.0,486.0,1.0,1650.0,294.0,2085.0,187.0,3027.0,4.0,4600.0,2020,3
W07,23.0,9.0,,,5.0,2010.0,3.0,2512.0,1.0,2200.0,2020,3
W08,561.0,278.0,1.0,1700.0,141.0,1951.0,132.0,2442.0,4.0,2974.0,2020,3
W09,23.0,8.0,,,2.0,2300.0,6.0,2375.0,,,2020,3
W10,71.0,26.0,,,15.0,1886.0,11.0,2209.0,,,2020,3
C01,12795.0,4702.0,315.0,1625.0,2904.0,2063.0,1347.0,2913.0,136.0,4158.0,2020,3
C02,1297.0,419.0,17.0,1646.0,268.0,2191.0,125.0,3721.0,9.0,3350.0,2020,3
C03,364.0,164.0,6.0,1505.0,113.0,1921.0,43.0,2707.0,2.0,5100.0,2020,3
C04,81.0,19.0,1.0,1500.0,8.0,2013.0,10.0,2735.0,,,2020,3
C06,116.0,36.0,,,17.0,1948.0,19.0,2311.0,,,2020,3
C07,838.0,350.0,,,158.0,2044.0,170.0,2578.0,22.0,2771.0,2020,3
C08,5780.0,2036.0,208.0,1604.0,1190.0,1997.0,599.0,2681.0,39.0,3360.0,2020,3
C09,161.0,57.0,,,24.0,2211.0,32.0,3625.0,1.0,2800.0,2020,3
C10,1274.0,520.0,26.0,1591.0,341.0,1971.0,150.0,2797.0,3.0,4050.0,2020,3
C11,270.0,143.0,1.0,1400.0,62.0,1803.0,69.0,2222.0,11.0,2489.0,2020,3
C12,35.0,18.0,,,8.0,2416.0,9.0,3187.0,1.0,3600.0,2020,3
C13,179.0,86.0,1.0,1700.0,39.0,1949.0,43.0,2515.0,3.0,2825.0,2020,3
C14,1774.0,734.0,8.0,1708.0,386.0,1969.0,328.0,2508.0,12.0,3265.0,2020,3
C15,1300.0,574.0,17.0,1629.0,372.0,1932.0,173.0,2414.0,12.0,2942.0,2020,3
E01,177.0,103.0,2.0,1550.0,56.0,2111.0,45.0,2745.0,,,2020,3
E02,126.0,58.0,1.0,1500.0,31.0,1961.0,26.0,2587.0,,,2020,3
E03,25.0,3.0,,,1.0,1900.0,2.0,2478.0,,,2020,3
E04,58.0,23.0,,,13.0,1800.0,9.0,2017.0,1.0,2700.0,2020,3
E05,103.0,52.0,,,13.0,1875.0,33.0,2228.0,6.0,2483.0,2020,3
E06,25.0,13.0,,,4.0,1906.0,9.0,2283.0,,,2020,3
E07,204.0,103.0,,,49.0,1822.0,53.0,2146.0,1.0,2350.0,2020,3
E08,50.0,17.0,1.0,1380.0,5.0,1720.0,11.0,2229.0,,,2020,3
E09,540.0,205.0,6.0,1513.0,117.0,1846.0,74.0,2250.0,8.0,2562.0,2020,3
E10,9.0,3.0,,,,,1.0,2150.0,2.0,2125.0,2020,3
E11,36.0,14.0,,,6.0,1792.0,7.0,2193.0,1.0,2450.0,2020,3
W01,199.0,86.0,1.0,1850.0,50.0,2016.0,31.0,2997.0,4.0,4038.0,2020,4
W02,184.0,74.0,,,49.0,1905.0,24.0,2685.0,1.0,2250.0,2020,4
W03,24.0,10.0,,,7.0,1928.0,3.0,2400.0,,,2020,4
W04,227.0,100.0,2.0,1430.0,57.0,1724.0,37.0,2130.0,4.0,2525.0,2020,4
W05,97.0,35.0,2.0,1398.0,23.0,1831.0,10.0,2175.0,,,2020,4
W06,815.0,351.0,6.0,1403.0,193.0,1993.0,149.0,2579.0,3.0,4667.0,2020,4
W07,27.0,11.0,,,5.0,1610.0,6.0,2727.0,,,2020,4
W08,551.0,216.0,,,134.0,1850.0,78.0,2294.0,4.0,2650.0,2020,4
W09,30.0,15.0,,,1.0,1750.0,12.0,2333.0,2.0,2325.0,2020,4
W10,92.0,34.0,,,11.0,1850.0,20.0,2075.0,3.0,2300.0,2020,4
C01,11672.0,4019.0,202.0,1445.0,2623.0,1857.0,1124.0,2659.0,70.0,3815.0,2020,4
C02,1142.0,369.0,16.0,1504.0,228.0,1992.0,112.0,3251.0,13.0,5012.0,2020,4
C03,281.0,105.0,1.0,1299.0,60.0,1810.0,42.0,2665.0,2.0,5450.0,2020,4
C04,85.0,34.0,1.0,1599.0,18.0,1999.0,14.0,2473.0,1.0,7000.0,2020,4
C06,240.0,70.0,,,29.0,1691.0,39.0,1967.0,2.0,2975.0,2020,4
C07,798.0,330.0,,,169.0,1818.0,151.0,2302.0,10.0,2845.0,2020,4
C08,5475.0,1942.0,198.0,1410.0,1177.0,1813.0,553.0,2588.0,14.0,3414.0,2020,4
C09,152.0,44.0,,,19.0,2217.0,22.0,3228.0,3.0,5908.0,2020,4
C10,1038.0,404.0,15.0,1489.0,267.0,1828.0,121.0,2643.0,1.0,6000.0,2020,4
C11,187.0,68.0,2.0,1275.0,29.0,1747.0,29.0,2369.0,8.0,2747.0,2020,4
C12,31.0,10.0,,,4.0,2313.0,6.0,3042.0,,,2020,4
C13,176.0,68.0,1.0,1750.0,35.0,1780.0,29.0,2421.0,3.0,2383.0,2020,4
C14,1549.0,613.0,7.0,1551.0,326.0,1803.0,268.0,2327.0,12.0,2978.0,2020,4
C15,1261.0,500.0,10.0,1495.0,317.0,1803.0,165.0,2281.0,8.0,2706.0,2020,4
E01,221.0,93.0,1.0,1400.0,64.0,2041.0,26.0,2378.0,2.0,3825.0,2020,4
E02,133.0,51.0,1.0,1350.0,20.0,1818.0,29.0,2522.0,1.0,2500.0,2020,4
E03,40.0,7.0,,,4.0,1945.0,2.0,2350.0,1.0,2650.0,2020,4
E04,82.0,25.0,,,8.0,1769.0,16.0,2037.0,1.0,2350.0,2020,4
E05,105.0,50.0,,,21.0,1808.0,22.0,2125.0,7.0,2427.0,2020,4
E06,28.0,13.0,,,8.0,1934.0,5.0,2550.0,,,2020,4
E07,192.0,78.0,,,39.0,1703.0,38.0,2026.0,1.0,2400.0,2020,4
E08,65.0,28.0,1.0,1425.0,12.0,1723.0,12.0,2202.0,3.0,2300.0,2020,4
E09,521.0,178.0,4.0,1350.0,87.0,1724.0,82.0,2074.0,5.0,2320.0,2020,4
E10,13.0,3.0,,,,,3.0,1992.0,,,2020,4
E11,39.0,13.0,,,1.0,1800.0,11.0,2105.0,1.0,2500.0,2020,4
W01,154.0,69.0,1.0,1450.0,46.0,2022.0,21.0,2782.0,1.0,2875.0,2021,1
W02,185.0,75.0,,,52.0,1844.0,23.0,2700.0,,,2021,1
W03,17.0,8.0,,,4.0,1763.0,3.0,2248.0,1.0,2700.0,2021,1
W04,169.0,74.0,2.0,1475.0,45.0,1688.0,25.0,2115.0,2.0,2742.0,2021,1
W05,100.0,47.0,2.0,1400.0,28.0,1753.0,14.0,2132.0,3.0,2350.0,2021,1
W06,744.0,382.0,2.0,1400.0,242.0,1920.0,135.0,2604.0,3.0,5267.0,2021,1
W07,25.0,15.0,,,6.0,1667.0,9.0,1944.0,,,2021,1
W08,581.0,275.0,4.0,1400.0,180.0,1795.0,89.0,2387.0,2.0,2900.0,2021,1
W09,22.0,5.0,,,1.0,1800.0,3.0,2383.0,1.0,2375.0,2021,1
W10,85.0,36.0,,,21.0,1764.0,13.0,2123.0,2.0,2225.0,2021,1
C01,9905.0,4547.0,295.0,1405.0,2927.0,1846.0,1223.0,2622.0,102.0,3550.0,2021,1
C02,927.0,275.0,8.0,1381.0,160.0,2002.0,97.0,3045.0,10.0,5255.0,2021,1
C03,267.0,94.0,1.0,1400.0,51.0,1808.0,42.0,2560.0,,,2021,1
C04,80.0,24.0,2.0,1363.0,10.0,1717.0,12.0,3058.0,,,2021,1
C06,197.0,86.0,,,35.0,1700.0,50.0,1951.0,1.0,3400.0,2021,1
C07,669.0,331.0,,,169.0,1816.0,144.0,2336.0,18.0,2636.0,2021,1
C08,4628.0,1936.0,134.0,1390.0,1281.0,1773.0,496.0,2523.0,25.0,3180.0,2021,1
C09,150.0,57.0,1.0,1250.0,22.0,1999.0,28.0,3267.0,6.0,4483.0,2021,1
C10,970.0,416.0,16.0,1425.0,281.0,1779.0,115.0,2556.0,4.0,3500.0,2021,1
C11,177.0,74.0,2.0,1275.0,40.0,1656.0,24.0,2158.0,8.0,2484.0,2021,1
C12,32.0,7.0,,,4.0,2275.0,2.0,2525.0,1.0,2800.0,2021,1
C13,194.0,87.0,,,41.0,1738.0,42.0,2287.0,4.0,2513.0,2021,1
C14,1214.0,570.0,7.0,1425.0,298.0,1770.0,252.0,2298.0,13.0,3160.0,2021,1
C15,1169.0,558.0,21.0,1468.0,366.0,1766.0,161.0,2331.0,10.0,2598.0,2021,1
E01,254.0,122.0,2.0,1538.0,86.0,1922.0,33.0,2452.0,1.0,3300.0,2021,1
E02,92.0,45.0,2.0,1250.0,31.0,1997.0,11.0,2450.0,1.0,3600.0,2021,1
E03,72.0,14.0,1.0,1595.0,5.0,1755.0,7.0,1914.0,1.0,2800.0,2021,1
E04,79.0,25.0,,,9.0,1675.0,15.0,2020.0,1.0,2300.0,2021,1
E05,87.0,38.0,,,11.0,1686.0,22.0,2177.0,5.0,2310.0,2021,1
E06,21.0,9.0,,,2.0,1825.0,7.0,2468.0,,,2021,1
E07,193.0,85.0,,,45.0,1650.0,37.0,1995.0,3.0,2250.0,2021,1
E08,59.0,18.0,,,11.0,1691.0,7.0,2057.0,,,2021,1
E09,391.0,195.0,11.0,1339.0,102.0,1688.0,73.0,2069.0,9.0,2401.0,2021,1
E10,25.0,7.0,,,6.0,1771.0,,,1.0,2175.0,2021,1
E11,41.0,23.0,,,7.0,1675.0,15.0,1988.0,1.0,2500.0,2021,1
W01,138.0,85.0,2.0,1775.0,69.0,2023.0,14.0,2721.0,,,2021,2
W02,144.0,70.0,,,48.0,1889.0,20.0,2597.0,2.0,3250.0,2021,2
W03,15.0,6.0,,,5.0,1880.0,1.0,2600.0,,,2021,2
W04,122.0,66.0,,,43.0,1709.0,22.0,2195.0,1.0,2600.0,2021,2
W05,110.0,51.0,3.0,1432.0,30.0,1787.0,16.0,2233.0,2.0,2788.0,2021,2
W06,585.0,381.0,2.0,1600.0,228.0,2021.0,148.0,2811.0,3.0,3450.0,2021,2
W07,15.0,10.0,,,2.0,1925.0,8.0,2254.0,,,2021,2
W08,479.0,277.0,2.0,1403.0,166.0,1845.0,108.0,2452.0,1.0,2600.0,2021,2
W09,23.0,12.0,,,3.0,1667.0,7.0,2514.0,2.0,2400.0,2021,2
W10,78.0,35.0,,,21.0,1748.0,14.0,2243.0,,,2021,2
C01,8011.0,4968.0,344.0,1470.0,3101.0,1940.0,1391.0,2772.0,132.0,3810.0,2021,2
C02,865.0,412.0,13.0,1536.0,264.0,1996.0,122.0,3839.0,13.0,4380.0,2021,2
C03,235.0,100.0,3.0,1463.0,58.0,1811.0,35.0,2662.0,4.0,3688.0,2021,2
C04,69.0,25.0,,,8.0,2006.0,15.0,3007.0,2.0,4500.0,2021,2
C06,111.0,61.0,,,27.0,1767.0,33.0,2175.0,1.0,2750.0,2021,2
C07,528.0,308.0,1.0,1500.0,168.0,1838.0,127.0,2441.0,12.0,3039.0,2021,2
C08,3904.0,2454.0,213.0,1446.0,1534.0,1833.0,650.0,2563.0,57.0,3139.0,2021,2
C09,132.0,64.0,,,31.0,2080.0,31.0,3456.0,2.0,5975.0,2021,2
C10,1064.0,608.0,21.0,1473.0,409.0,1789.0,174.0,2540.0,4.0,4175.0,2021,2
C11,203.0,104.0,1.0,1350.0,51.0,1761.0,44.0,2253.0,8.0,2712.0,2021,2
C12,51.0,27.0,,,15.0,2167.0,11.0,3132.0,1.0,4500.0,2021,2
C13,172.0,100.0,3.0,1557.0,48.0,1878.0,47.0,2356.0,2.0,2400.0,2021,2
C14,1092.0,634.0,8.0,1518.0,357.0,1825.0,258.0,2404.0,11.0,3085.0,2021,2
C15,962.0,598.0,11.0,1493.0,426.0,1810.0,145.0,2386.0,16.0,2889.0,2021,2
E01,199.0,138.0,4.0,1513.0,95.0,1979.0,39.0,2469.0,,,2021,2
E02,60.0,33.0,4.0,1425.0,16.0,1932.0,13.0,2865.0,,,2021,2
E03,81.0,29.0,2.0,1431.0,11.0,1759.0,16.0,2102.0,,,2021,2
E04,64.0,28.0,,,13.0,1658.0,14.0,2019.0,1.0,2000.0,2021,2
E05,128.0,98.0,,,45.0,1757.0,49.0,2164.0,4.0,2363.0,2021,2
E06,20.0,16.0,,,3.0,2042.0,13.0,2171.0,,,2021,2
E07,167.0,97.0,,,54.0,1714.0,41.0,2087.0,2.0,2275.0,2021,2
E08,65.0,26.0,,,10.0,1717.0,15.0,2125.0,1.0,2350.0,2021,2
E09,324.0,181.0,7.0,1379.0,91.0,1767.0,72.0,2202.0,11.0,2531.0,2021,2
E10,16.0,9.0,,,4.0,1863.0,5.0,1880.0,,,2021,2
E11,36.0,16.0,,,5.0,1685.0,9.0,2031.0,2.0,2898.0,2021,2
W01,139.0,87.0,,,57.0,2153.0,24.0,2777.0,6.0,3654.0,2021,3
W02,153.0,104.0,6.0,1546.0,66.0,1967.0,31.0,2915.0,1.0,2800.0,2021,3
W03,15.0,8.0,1.0,1595.0,3.0,1887.0,3.0,2717.0,1.0,2750.0,2021,3
W04,133.0,81.0,2.0,1600.0,46.0,1844.0,31.0,2211.0,2.0,2500.0,2021,3
W05,166.0,103.0,3.0,1477.0,70.0,1918.0,29.0,2276.0,1.0,2200.0,2021,3
W06,571.0,353.0,5.0,1610.0,211.0,2122.0,134.0,2892.0,3.0,4800.0,2021,3
W07,35.0,20.0,,,13.0,1958.0,7.0,2370.0,,,2021,3
W08,537.0,331.0,2.0,1700.0,194.0,1915.0,127.0,2447.0,8.0,2803.0,2021,3
W09,23.0,7.0,,,,,5.0,2172.0,2.0,2450.0,2021,3
W10,83.0,31.0,,,15.0,1839.0,15.0,2150.0,1.0,2350.0,2021,3
C01,6683.0,4871.0,354.0,1740.0,3047.0,2189.0,1301.0,3210.0,169.0,4366.0,2021,3
C02,733.0,494.0,26.0,1733.0,289.0,2248.0,168.0,3979.0,11.0,5108.0,2021,3
C03,283.0,198.0,4.0,1651.0,126.0,1943.0,66.0,2714.0,2.0,4350.0,2021,3
C04,116.0,72.0,6.0,1517.0,30.0,2028.0,34.0,2715.0,2.0,2998.0,2021,3
C06,186.0,124.0,1.0,1500.0,62.0,1803.0,59.0,2265.0,2.0,3250.0,2021,3
C07,614.0,403.0,,,201.0,2003.0,183.0,2588.0,19.0,2972.0,2021,3
C08,3478.0,2467.0,214.0,1728.0,1499.0,2097.0,701.0,3002.0,53.0,3915.0,2021,3
C09,106.0,63.0,,,30.0,2350.0,30.0,3321.0,3.0,5077.0,2021,3
C10,1031.0,767.0,40.0,1566.0,501.0,1896.0,222.0,2669.0,4.0,4100.0,2021,3
C11,180.0,102.0,1.0,1400.0,48.0,1792.0,43.0,2358.0,10.0,2826.0,2021,3
C12,63.0,29.0,1.0,1400.0,10.0,2118.0,18.0,2632.0,,,2021,3
C13,162.0,97.0,2.0,1548.0,43.0,1872.0,46.0,2444.0,6.0,2808.0,2021,3
C14,1130.0,762.0,8.0,1559.0,412.0,1972.0,327.0,2539.0,15.0,3242.0,2021,3
C15,895.0,616.0,17.0,1602.0,420.0,1921.0,168.0,2485.0,11.0,2705.0,2021,3
E01,147.0,94.0,6.0,1550.0,58.0,2195.0,30.0,2629.0,,,2021,3
E02,64.0,38.0,1.0,1250.0,24.0,2004.0,12.0,2688.0,1.0,2500.0,2021,3
E03,75.0,24.0,2.0,1425.0,13.0,1765.0,9.0,2228.0,,,2021,3
E04,88.0,48.0,,,14.0,1808.0,30.0,2178.0,4.0,2890.0,2021,3
E05,91.0,60.0,,,18.0,1846.0,39.0,2286.0,3.0,2867.0,2021,3
E06,18.0,8.0,,,2.0,1875.0,6.0,2325.0,,,2021,3
E07,183.0,135.0,,,69.0,1774.0,62.0,2216.0,4.0,2325.0,2021,3
E08,75.0,41.0,,,12.0,1771.0,27.0,2134.0,2.0,2600.0,2021,3
E09,373.0,281.0,7.0,1471.0,139.0,1854.0,115.0,2323.0,20.0,2709.0,2021,3
E10,20.0,8.0,,,3.0,1783.0,5.0,2050.0,,,2021,3
E11,60.0,36.0,,,17.0,1795.0,13.0,2110.0,6.0,2650.0,2021,3
W01,117.0,58.0,,,36.0,2104.0,20.0,3096.0,2.0,4125.0,2021,4
W02,99.0,60.0,2.0,1400.0,45.0,2055.0,13.0,2851.0,,,2021,4
W03,10.0,5.0,,,3.0,1833.0,1.0,2200.0,1.0,2850.0,2021,4
W04,105.0,64.0,,,38.0,1890.0,23.0,2271.0,3.0,2808.0,2021,4
W05,106.0,71.0,2.0,1600.0,45.0,1924.0,22.0,2254.0,2.0,2550.0,2021,4
W06,536.0,319.0,2.0,1695.0,201.0,2147.0,112.0,2930.0,4.0,5875.0,2021,4
W07,38.0,26.0,,,20.0,2038.0,6.0,2766.0,,,2021,4
W08,408.0,244.0,2.0,1663.0,140.0,1943.0,98.0,2549.0,4.0,3094.0,2021,4
W09,24.0,15.0,,,2.0,2400.0,9.0,2139.0,4.0,2863.0,2021,4
W10,85.0,46.0,,,19.0,1804.0,24.0,2223.0,3.0,2483.0,2021,4
C01,4356.0,2601.0,145.0,1765.0,1687.0,2239.0,714.0,3189.0,55.0,5769.0,2021,4
C02,459.0,209.0,15.0,1677.0,118.0,2320.0,70.0,4734.0,6.0,6275.0,2021,4
C03,128.0,62.0,2.0,1588.0,36.0,2029.0,22.0,2761.0,2.0,5050.0,2021,4
C04,129.0,76.0,2.0,1675.0,29.0,1990.0,42.0,2434.0,3.0,2873.0,2021,4
C06,122.0,83.0,1.0,1500.0,34.0,1930.0,47.0,2330.0,1.0,3650.0,2021,4
C07,501.0,364.0,,,166.0,2010.0,179.0,2649.0,19.0,2985.0,2021,4
C08,2621.0,1562.0,153.0,1728.0,949.0,2106.0,425.0,2956.0,35.0,3644.0,2021,4
C09,75.0,49.0,,,21.0,2498.0,28.0,3845.0,,,2021,4
C10,593.0,384.0,16.0,1666.0,242.0,2008.0,125.0,2771.0,1.0,2000.0,2021,4
C11,123.0,73.0,2.0,1438.0,32.0,1844.0,29.0,2415.0,10.0,2495.0,2021,4
C12,73.0,49.0,1.0,1400.0,14.0,1898.0,34.0,2034.0,,,2021,4
C13,133.0,77.0,,,44.0,1985.0,28.0,2471.0,5.0,2819.0,2021,4
C14,776.0,572.0,9.0,1686.0,290.0,2014.0,260.0,2635.0,13.0,3300.0,2021,4
C15,859.0,552.0,11.0,1722.0,348.0,1991.0,182.0,2564.0,11.0,2797.0,2021,4
E01,114.0,67.0,,,44.0,2180.0,22.0,2628.0,1.0,4500.0,2021,4
E02,60.0,36.0,2.0,1475.0,21.0,1996.0,13.0,2811.0,,,2021,4
E03,75.0,31.0,4.0,1463.0,19.0,1884.0,8.0,2197.0,,,2021,4
E04,79.0,42.0,,,17.0,1846.0,21.0,2142.0,4.0,3118.0,2021,4
E05,84.0,62.0,,,22.0,1910.0,32.0,2333.0,8.0,2694.0,2021,4
E06,19.0,14.0,,,6.0,1771.0,8.0,2359.0,,,2021,4
E07,125.0,99.0,,,41.0,1976.0,54.0,2408.0,4.0,2645.0,2021,4
E08,73.0,35.0,,,12.0,1824.0,16.0,2215.0,7.0,2543.0,2021,4
E09,226.0,188.0,5.0,1698.0,111.0,2080.0,68.0,2770.0,4.0,3275.0,2021,4
E10,32.0,22.0,,,14.0,1813.0,7.0,2399.0,1.0,2700.0,2021,4
E11,44.0,28.0,,,12.0,1932.0,16.0,2175.0,,,2021,4
